Partner_id,AIS(Air Insulated Switchgear),RMU(Ring Main Unit),PSS(Compact Sub-Stations),VCU(Vacuum Contactor Units),E-House,VCB(Vacuum Circuit Breaker),ACB(Air Circuit Breaker),MCCB(Moduled Case Circuit Breaker),SDF(Switch Disconnectors),BBT(Busbar Trunking),Modular Switches,Starter,Controller,Solar Solutions,Pump Starter and Controller,Geography,Stockist_Type,Scheme_Type,Sales_Value_Last_Period,Sales_Quantity_Last_Period,MRP,Growth_Percentage,Discount_Applied,Bulk_Purchase_Tendency,New_Stockist
001_3,1,1,1,0,0,1,0,0,0,1,1,0,1,1,1,West,Retailer,scheme3,20204,13,2682,7.72,1,1,0
002_80,1,0,0,0,1,1,1,1,0,0,1,1,0,1,0,Central,Retailer,scheme3,27768,40,4471,-4.8,3,0,1
003_12,0,0,1,1,1,0,0,0,0,1,0,1,1,1,0,West,Wholesaler,scheme1,26939,46,2733,-4.5,7,1,0
004_30,0,0,0,0,0,0,0,1,1,0,0,0,1,0,0,South,Retailer,Discount,16104,39,4125,-8.43,9,1,0
005_49,1,0,1,0,0,1,0,1,0,1,0,0,0,0,1,East,Wholesaler,Bulk Purchase,22058,82,3433,19.87,4,0,1
006_96,1,1,0,0,0,1,0,1,0,0,0,0,1,0,0,North,Wholesaler,Loyalty,25987,77,4045,2.62,9,0,0
007_73,1,0,0,0,0,1,0,0,1,1,1,0,1,0,1,South,Wholesaler,Discount,18827,51,4225,27.29,4,0,0
008_94,0,1,1,1,0,0,1,1,1,0,1,1,1,0,0,Central,Retailer,Discount,29836,6,4357,0.41,6,0,1
009_97,1,1,1,0,1,1,1,1,1,0,1,0,1,1,1,Central,Wholesaler,scheme2,13204,57,3918,25.52,2,1,1
010_33,1,0,0,1,1,1,1,1,1,1,1,1,0,1,0,North,Retailer,Loyalty,13733,100,4370,12.59,10,0,1
011_25,0,0,0,0,1,1,1,0,0,1,0,0,1,0,1,East,Wholesaler,scheme2,21793,27,1951,26.52,10,0,1
012_74,0,1,1,1,0,0,1,0,0,1,0,0,1,1,0,South,Wholesaler,scheme2,28021,28,4405,7.52,3,1,0
013_90,1,0,1,1,0,1,0,1,0,1,1,1,0,0,0,East,Retailer,Loyalty,14685,30,4528,26.69,7,0,0
014_70,1,1,0,1,0,0,0,0,0,1,1,1,1,1,0,East,Retailer,Loyalty,17297,44,3788,20.68,6,1,0
015_14,0,0,1,0,0,0,1,1,0,0,0,1,1,1,1,East,Retailer,scheme4,26194,58,2144,0.27,8,0,1
016_22,1,0,1,1,0,1,0,0,0,0,0,0,0,1,1,North,Wholesaler,Loyalty,20212,60,3285,23.41,8,1,0
017_24,1,0,1,1,1,1,1,0,0,0,1,0,1,1,0,Central,Retailer,scheme3,25542,46,2385,-7.6,3,0,1
018_10,1,1,1,1,1,1,1,0,0,0,0,1,0,1,1,Central,Retailer,Discount,10700,62,3284,13.91,3,1,0
019_81,0,1,0,1,1,1,1,1,1,0,1,0,0,1,1,North,Retailer,Bulk Purchase,21418,95,2555,22.86,7,1,1
020_90,1,1,0,1,1,1,0,1,1,0,1,0,0,1,0,South,Retailer,scheme3,26890,56,3343,22.5,3,1,1
021_86,0,1,0,1,1,1,1,0,1,1,1,0,0,1,1,West,Retailer,scheme1,26836,28,4635,8.87,2,0,0
022_43,0,1,0,0,1,0,1,0,0,1,0,0,1,0,1,West,Retailer,scheme3,11808,80,4144,15.92,7,1,1
023_68,1,1,0,0,1,0,0,1,0,1,0,1,0,0,1,East,Wholesaler,scheme1,13354,76,2197,3.29,5,0,0
024_72,1,0,1,0,0,0,0,0,1,0,1,0,0,0,1,Central,Retailer,scheme2,10066,84,1192,-4.12,1,0,1
025_61,1,0,0,0,0,0,1,0,1,0,0,0,1,0,1,North,Retailer,Discount,12916,85,3881,9.19,7,0,0
026_21,1,1,0,1,1,1,1,0,0,0,1,1,1,0,1,North,Wholesaler,Bulk Purchase,10880,88,2719,27.34,1,0,0
027_11,0,0,1,0,1,0,1,0,0,1,1,0,0,0,0,North,Retailer,Discount,19961,30,1344,9.96,0,0,0
028_52,1,0,0,1,0,1,1,0,1,1,0,1,1,1,1,South,Retailer,scheme1,29749,67,1022,6.74,8,0,0
029_88,0,0,1,1,1,0,0,1,0,0,0,1,0,0,0,North,Wholesaler,Loyalty,29738,84,2127,18.72,3,0,1
030_93,0,1,0,0,1,0,0,0,1,0,1,0,0,0,1,East,Wholesaler,scheme1,22408,18,4729,-0.23,10,1,1
031_12,1,0,0,1,1,0,1,1,1,1,0,0,0,1,1,South,Wholesaler,scheme1,17051,18,1935,16.84,4,1,0
032_29,0,0,1,1,1,0,0,0,1,0,1,0,1,1,1,West,Wholesaler,scheme1,20717,80,3858,29.94,1,1,1
033_15,1,0,1,1,0,0,1,1,0,1,0,1,0,0,1,West,Retailer,Bulk Purchase,28299,68,2354,16.33,7,1,1
034_4,0,0,0,0,1,1,0,1,0,1,0,1,0,0,1,West,Retailer,Discount,24309,84,4052,-8.07,10,0,0
035_62,0,1,0,0,0,0,1,0,0,0,0,0,1,1,1,South,Wholesaler,Loyalty,29171,39,2972,26.23,8,0,1
036_72,0,1,1,1,0,1,1,1,1,1,0,1,1,1,0,South,Retailer,scheme3,29878,64,4239,-3.67,3,1,0
037_49,1,1,0,0,0,0,1,1,0,0,1,0,0,1,1,South,Retailer,Discount,22640,87,1053,23.99,4,1,0
038_40,1,0,1,1,0,0,1,0,1,0,1,1,1,0,0,Central,Retailer,scheme4,26771,25,1855,18.58,3,0,0
039_29,0,1,1,1,0,1,0,0,0,0,0,1,0,1,1,West,Retailer,Bulk Purchase,19864,97,1104,-5.36,9,1,0
040_24,1,1,1,0,1,0,0,0,1,0,0,1,0,0,0,East,Wholesaler,scheme3,26721,89,2045,-5.35,7,1,1
041_49,1,1,1,1,0,1,1,1,1,0,0,0,0,1,0,Central,Wholesaler,scheme2,27622,15,4394,29.53,0,0,0
042_64,1,0,0,0,0,1,0,0,0,0,0,1,1,0,1,North,Wholesaler,scheme1,24392,52,2857,20.98,1,1,0
043_62,0,1,0,0,1,0,1,0,0,0,0,0,0,1,0,North,Wholesaler,Discount,21606,14,2458,13.54,2,1,0
044_6,1,0,0,0,0,0,1,0,1,0,1,0,0,1,0,North,Retailer,Discount,15481,99,3568,-7.13,2,1,0
045_11,1,0,1,1,1,1,1,1,0,0,1,1,1,1,0,West,Retailer,scheme2,25016,41,2435,26.74,6,0,1
046_7,0,0,0,1,0,0,0,0,1,1,0,0,0,0,0,Central,Wholesaler,scheme3,21853,30,3811,12.0,4,0,1
047_79,0,1,0,1,0,0,0,0,0,0,1,1,0,1,1,West,Retailer,Bulk Purchase,12392,37,3124,9.02,5,1,1
048_50,0,0,1,0,0,0,0,0,0,0,1,1,0,0,0,South,Retailer,Bulk Purchase,26331,50,4119,22.11,5,0,1
049_87,0,1,0,1,0,1,1,0,1,1,1,1,1,1,1,South,Wholesaler,scheme1,27072,18,4036,12.46,0,0,1
050_97,0,0,1,1,0,0,1,1,1,0,0,1,0,1,1,South,Wholesaler,scheme3,12532,41,1520,23.25,10,0,1
051_69,0,1,0,1,1,0,1,1,1,0,1,0,0,0,0,North,Retailer,scheme4,25674,47,1106,12.84,7,0,1
052_91,1,1,0,0,1,0,0,1,1,0,1,0,0,0,1,East,Wholesaler,scheme1,18083,53,2926,2.64,7,0,0
053_92,1,0,1,0,1,1,1,0,0,0,1,0,1,0,1,North,Wholesaler,Bulk Purchase,28442,96,1101,-6.29,2,1,0
054_5,1,1,0,1,0,1,1,0,1,1,1,1,1,0,1,Central,Retailer,scheme3,26449,11,1107,17.12,5,0,0
055_92,1,1,0,0,1,1,1,0,0,1,1,0,0,1,0,West,Retailer,scheme1,10217,36,3702,-5.85,1,1,0
056_64,1,0,1,0,1,0,1,0,0,1,1,1,0,1,0,South,Wholesaler,scheme3,29920,99,3498,27.93,3,0,0
057_99,1,0,0,1,0,0,1,1,0,1,1,1,0,0,0,West,Wholesaler,scheme4,28336,39,3093,13.61,9,1,1
058_49,0,0,1,1,0,0,1,0,0,1,1,1,0,1,0,Central,Retailer,scheme2,10195,38,3441,24.42,8,0,0
059_1,1,1,1,1,1,0,0,0,0,1,0,0,1,1,0,South,Wholesaler,scheme2,29411,9,3442,9.07,1,0,0
060_20,0,0,1,1,1,0,1,0,0,0,1,1,1,0,1,Central,Retailer,Discount,27330,40,1400,27.58,4,0,0
061_79,0,0,1,0,1,1,1,1,1,1,1,0,0,1,1,North,Wholesaler,Loyalty,17867,32,1672,12.72,1,1,1
062_94,0,0,0,0,0,1,1,1,0,0,0,0,1,1,0,Central,Wholesaler,scheme4,23020,41,3214,-2.14,4,0,0
063_40,0,0,0,0,0,1,0,1,0,0,0,1,0,0,1,Central,Retailer,scheme1,20748,11,1331,-3.42,8,1,0
064_67,0,0,1,0,0,0,1,1,0,0,0,0,1,0,0,Central,Wholesaler,scheme2,29184,25,2382,9.18,9,1,1
065_7,0,0,1,0,0,1,0,1,0,1,1,1,1,1,1,North,Retailer,Discount,11451,31,2459,22.34,7,0,1
066_49,1,1,1,1,1,0,1,0,0,1,1,0,0,1,0,North,Retailer,scheme1,14949,42,3994,28.54,4,0,0
067_5,0,0,1,1,1,1,0,1,1,1,1,0,1,0,0,South,Wholesaler,scheme1,13722,64,2488,12.31,3,0,0
068_46,0,1,0,0,1,0,1,1,1,0,0,1,0,0,0,North,Wholesaler,scheme3,22441,17,2818,12.41,7,0,1
069_11,0,0,0,0,1,0,1,0,0,0,1,0,0,0,0,North,Retailer,Loyalty,26900,42,4599,3.11,1,1,1
070_37,1,1,0,1,0,0,0,1,0,1,1,1,1,0,1,Central,Retailer,Bulk Purchase,25599,11,1909,23.5,9,1,1
071_78,1,1,1,1,0,0,0,0,0,0,0,1,0,1,1,Central,Retailer,Bulk Purchase,22523,98,3879,22.51,0,1,1
072_80,0,1,1,0,1,0,0,0,0,1,1,0,0,1,0,West,Retailer,scheme1,25998,69,2095,28.1,2,0,0
073_86,1,1,1,1,0,1,1,1,1,0,0,0,1,0,0,East,Retailer,scheme3,16850,35,1594,1.6,7,1,0
074_49,1,1,1,0,1,1,0,0,0,1,1,0,1,0,1,East,Wholesaler,Discount,23434,38,1998,3.0,2,0,1
075_63,0,0,1,0,1,1,1,0,0,0,1,0,1,0,1,South,Wholesaler,scheme1,21710,17,4423,18.24,2,0,0
076_12,1,0,0,1,1,1,1,0,1,1,1,1,1,0,1,West,Wholesaler,scheme1,12355,6,4629,29.07,0,1,1
077_8,0,0,0,0,0,1,1,1,0,1,1,0,1,1,1,South,Retailer,scheme2,15847,79,1429,22.08,0,1,0
078_89,0,0,1,0,1,1,0,0,1,0,0,1,0,0,1,South,Wholesaler,Bulk Purchase,18503,85,2120,-5.89,2,1,1
079_39,0,0,0,1,1,0,0,0,0,1,1,0,1,0,0,South,Wholesaler,Loyalty,28609,10,4411,23.8,10,0,0
080_72,1,1,0,1,1,0,1,1,1,0,0,1,0,0,1,North,Retailer,Loyalty,19188,36,2139,-0.75,5,1,0
081_88,0,1,0,1,1,0,0,1,1,1,1,0,0,0,0,North,Wholesaler,Discount,14307,23,4266,-5.59,9,0,0
082_65,0,1,0,1,1,1,0,1,1,1,0,1,0,0,0,Central,Wholesaler,Bulk Purchase,16511,76,1070,29.62,6,0,1
083_69,0,1,0,1,0,0,1,1,1,0,1,0,0,0,0,West,Retailer,scheme1,15870,97,2329,13.61,6,1,1
084_24,0,0,1,0,0,0,0,0,0,1,1,1,0,1,0,North,Retailer,scheme4,15167,28,3389,-0.13,7,0,1
085_28,0,0,1,0,1,1,0,1,1,1,0,0,1,0,1,North,Retailer,Loyalty,12345,59,4721,-7.53,2,1,1
086_56,1,0,0,0,0,1,1,0,0,1,1,0,0,0,1,West,Wholesaler,Discount,23602,23,3135,27.28,0,1,1
087_41,0,1,0,1,1,1,0,1,0,0,0,1,0,0,0,East,Retailer,scheme3,29362,41,4654,10.36,5,0,0
088_52,1,1,0,0,0,1,1,0,0,1,0,0,0,1,1,South,Wholesaler,scheme1,23529,49,4024,22.19,10,0,0
089_56,1,1,0,0,0,0,0,0,0,0,0,1,0,0,1,East,Wholesaler,Loyalty,11815,72,1601,-3.21,5,0,0
090_39,0,0,0,0,0,1,0,1,0,1,0,1,1,0,0,East,Wholesaler,Discount,17108,84,1803,16.36,10,1,1
091_86,0,0,1,1,1,1,1,0,0,1,0,0,0,0,0,North,Retailer,scheme2,11871,72,3940,19.56,5,1,1
092_98,0,0,0,1,0,0,0,1,0,0,0,0,1,0,1,South,Wholesaler,scheme1,12791,51,3492,24.95,0,0,0
093_52,1,1,0,0,1,0,0,1,0,1,0,0,1,1,0,West,Wholesaler,Loyalty,15279,21,1657,-9.3,0,1,0
094_93,0,1,0,1,1,0,1,0,1,0,1,0,0,1,1,South,Retailer,Loyalty,17776,77,3506,-7.43,3,1,1
095_91,1,0,0,0,1,1,0,0,1,1,1,1,1,0,1,East,Retailer,scheme1,12502,79,3046,11.07,0,1,0
096_82,0,1,0,1,1,1,0,1,1,0,0,1,0,0,0,East,Wholesaler,Bulk Purchase,19001,57,2000,6.91,5,0,0
097_97,1,1,1,1,1,1,1,0,1,0,1,0,1,1,1,Central,Wholesaler,scheme2,13721,34,3193,28.6,2,1,0
098_81,1,0,1,0,0,0,0,0,1,1,0,0,0,0,0,East,Wholesaler,Discount,27873,61,1925,6.84,10,1,0
099_36,1,0,1,1,0,1,1,0,0,1,0,0,1,1,0,East,Wholesaler,Bulk Purchase,15581,79,3144,9.5,8,1,0
100_86,0,0,0,1,0,0,1,0,1,1,0,0,1,1,0,East,Retailer,Bulk Purchase,11516,1,2122,-9.58,0,1,1
101_24,0,0,1,0,0,0,0,1,0,0,1,0,1,1,0,Central,Retailer,scheme1,25319,85,3689,1.27,2,0,0
102_36,0,1,0,0,1,0,0,1,1,0,0,0,0,0,0,Central,Retailer,scheme1,11774,39,4267,27.47,1,1,0
103_62,0,1,0,0,0,0,0,1,0,1,1,0,1,0,0,East,Retailer,Bulk Purchase,23496,96,2815,1.84,10,0,0
104_63,1,1,0,1,0,1,1,1,0,0,0,1,1,0,0,South,Retailer,Loyalty,26878,54,3601,2.08,8,1,1
105_72,0,0,1,0,1,0,1,0,1,0,0,0,0,0,1,North,Retailer,scheme3,29354,39,1824,-9.51,0,1,1
106_76,0,0,1,1,1,1,1,0,0,0,1,1,0,1,0,South,Retailer,scheme4,17887,67,3234,-4.29,7,1,0
107_42,0,1,0,0,0,0,1,0,0,1,0,1,1,1,1,East,Retailer,Discount,23246,35,2002,3.8,4,0,0
108_83,1,0,1,0,0,1,0,0,1,1,0,1,0,0,0,West,Retailer,Discount,27795,87,2577,14.93,4,1,1
109_67,1,1,1,1,1,0,1,0,0,0,0,1,1,1,0,South,Wholesaler,scheme1,20436,62,1713,10.21,3,1,1
110_31,1,1,1,1,0,0,0,1,0,0,0,1,0,0,0,Central,Retailer,scheme1,19735,62,3197,0.98,5,0,0
111_6,0,0,1,1,0,1,1,0,0,0,1,0,0,0,1,North,Retailer,Discount,29960,78,1540,13.74,1,0,1
112_8,0,1,0,0,1,1,1,0,0,1,1,0,0,0,1,East,Retailer,scheme3,28911,28,4709,-8.55,2,1,0
113_52,1,0,0,0,1,1,0,1,1,0,0,0,1,0,1,Central,Retailer,scheme4,21589,90,2175,28.77,8,1,1
114_87,0,1,0,0,0,0,1,0,0,0,1,0,0,0,0,East,Retailer,Loyalty,19496,10,3212,27.1,0,1,0
115_20,1,1,0,0,1,0,1,0,1,0,1,0,1,0,1,South,Retailer,scheme3,10157,48,3390,22.2,5,1,1
116_64,0,0,1,1,0,0,0,1,1,0,1,1,0,0,0,South,Wholesaler,scheme4,20367,70,1302,-8.2,10,1,0
117_23,0,1,0,0,1,1,1,0,1,1,0,0,1,1,0,Central,Wholesaler,scheme1,10986,32,4473,13.28,0,0,0
118_60,1,0,1,0,1,1,1,0,0,1,1,0,0,0,1,North,Retailer,Discount,18482,38,2349,5.87,2,0,0
119_65,0,0,1,0,1,1,1,1,1,1,1,0,1,1,0,South,Wholesaler,Loyalty,23163,12,4671,12.89,3,1,0
120_53,1,0,1,1,0,0,1,0,1,1,1,0,0,1,1,North,Wholesaler,Bulk Purchase,20703,88,4226,3.28,2,1,1
121_66,0,1,0,0,1,1,0,1,0,0,1,0,0,0,0,Central,Wholesaler,scheme2,18320,79,3894,9.67,1,1,0
122_65,0,1,1,1,1,0,0,0,0,1,1,0,1,1,0,East,Retailer,scheme2,13582,90,3578,-0.82,10,1,1
123_1,1,1,0,0,0,1,0,1,0,1,0,0,0,1,0,East,Retailer,Discount,24553,17,3179,27.63,6,1,0
124_48,0,1,0,1,0,1,0,0,0,0,1,1,0,1,1,West,Wholesaler,scheme1,28018,33,1536,-2.07,4,1,0
125_91,1,1,1,0,0,0,1,1,1,0,1,0,1,1,1,North,Wholesaler,Loyalty,25050,39,3007,9.9,7,0,1
126_82,1,0,1,0,0,0,0,0,0,1,0,1,1,1,1,North,Wholesaler,Loyalty,11962,39,2965,12.67,1,1,0
127_65,0,0,1,1,0,0,0,1,1,1,1,0,1,0,0,West,Retailer,Discount,18323,34,1545,-7.91,0,0,0
128_70,1,0,0,1,0,0,1,1,1,1,1,0,0,1,0,West,Retailer,scheme3,27368,86,3265,-3.06,6,1,0
129_1,0,0,0,1,0,1,1,1,1,1,0,1,1,1,1,East,Retailer,scheme2,14215,74,4072,8.8,7,0,1
130_22,0,1,1,1,0,1,0,0,1,1,0,1,1,1,1,Central,Wholesaler,scheme2,28516,59,2672,12.96,4,1,0
131_73,0,1,0,0,1,1,1,1,1,0,0,1,1,1,1,East,Retailer,scheme4,19114,8,2577,1.15,4,1,1
132_81,0,0,0,0,0,1,1,1,1,1,0,0,1,0,1,Central,Retailer,scheme3,10773,61,1990,1.01,2,1,0
133_85,1,0,1,1,1,0,1,0,0,1,1,0,1,0,0,South,Retailer,scheme1,25404,71,2709,21.28,9,1,0
134_5,0,1,1,1,1,1,1,1,1,0,1,1,0,0,1,Central,Retailer,Bulk Purchase,12056,72,4421,-0.25,6,1,0
135_49,1,1,0,1,1,0,1,0,1,1,0,1,0,0,1,North,Retailer,scheme2,28380,78,4772,6.99,8,1,1
136_31,1,1,0,0,0,1,1,0,0,1,0,0,1,0,0,West,Retailer,scheme2,19433,11,3713,-9.15,4,1,0
137_58,1,1,0,0,1,1,1,1,0,1,0,1,0,0,1,North,Wholesaler,Discount,26572,68,1545,20.0,0,0,1
138_86,0,0,0,1,0,1,0,1,1,1,0,1,1,1,1,West,Retailer,scheme1,29259,5,3094,-1.92,10,0,0
139_13,0,0,0,0,1,1,0,0,1,1,0,0,0,0,1,North,Wholesaler,scheme4,19180,57,1579,27.91,0,1,1
140_24,1,0,1,0,0,1,1,1,0,0,1,0,0,1,1,West,Retailer,Discount,19128,30,4838,3.78,5,0,1
141_44,1,0,1,0,1,1,1,0,1,0,1,1,1,1,0,Central,Retailer,scheme2,18872,61,2927,12.28,5,1,0
142_16,0,0,0,1,1,1,0,0,1,1,1,1,0,1,1,East,Retailer,Loyalty,16346,1,3095,21.89,3,1,1
143_94,0,0,1,1,0,1,1,0,1,0,0,0,0,0,1,North,Wholesaler,Discount,15473,44,1683,16.37,9,1,1
144_80,1,0,0,1,0,1,0,0,1,1,0,1,0,1,1,Central,Wholesaler,Discount,29321,8,1546,20.19,9,1,1
145_35,0,1,1,0,1,1,0,0,0,1,1,0,1,0,1,South,Wholesaler,Bulk Purchase,22197,20,2998,8.93,2,0,0
146_5,1,1,1,1,1,1,0,0,0,0,1,1,1,1,0,East,Retailer,Discount,11862,50,2586,4.65,10,0,1
147_8,1,0,1,1,1,1,0,1,0,1,1,1,0,1,1,Central,Wholesaler,scheme3,25470,48,1719,10.01,0,0,0
148_51,0,0,1,0,0,1,0,1,1,0,1,0,1,0,0,Central,Retailer,scheme3,15072,13,1291,22.14,2,1,0
149_98,0,0,0,0,1,0,0,1,1,1,0,1,0,0,0,North,Retailer,Discount,14691,47,1772,24.43,4,0,1
150_77,1,1,0,1,0,0,0,0,0,0,0,1,0,0,1,North,Retailer,Discount,12206,80,3709,27.74,5,1,0
151_13,0,1,0,0,1,1,1,1,0,1,0,1,0,0,1,East,Retailer,Loyalty,24498,87,1688,-4.75,0,0,1
152_23,1,1,1,1,0,1,1,1,1,1,0,0,1,0,0,Central,Wholesaler,Bulk Purchase,15539,66,2588,22.6,4,0,0
153_7,1,0,0,1,1,1,0,0,0,1,1,0,1,0,0,Central,Retailer,scheme2,11632,11,1611,14.7,5,1,1
154_98,0,1,1,1,0,0,0,1,1,0,0,0,0,1,0,East,Wholesaler,Discount,27845,24,1926,3.0,3,1,1
155_3,1,1,1,0,0,1,0,0,0,1,1,0,1,1,1,West,Retailer,scheme3,14547,13,2598,-2.72,3,0,1
156_25,1,0,0,0,1,1,0,1,0,1,0,1,0,0,0,South,Wholesaler,scheme4,22949,10,1484,23.65,2,1,1
157_87,1,1,0,0,0,1,0,0,0,0,0,0,0,0,1,South,Retailer,Bulk Purchase,13049,30,4736,29.22,3,0,0
158_22,0,0,0,1,1,0,0,0,1,1,0,0,1,0,0,South,Retailer,Discount,17600,87,2231,11.2,7,0,0
159_80,1,1,0,1,1,0,1,0,0,1,0,1,0,0,1,East,Wholesaler,Loyalty,15376,32,2555,0.24,5,1,0
160_81,0,1,1,1,1,1,1,1,0,1,1,0,1,1,0,North,Retailer,scheme3,15697,84,1915,7.91,1,1,0
161_98,0,1,0,1,1,1,1,0,0,0,0,1,1,1,1,Central,Retailer,scheme3,16536,76,1499,6.03,4,0,0
162_53,0,0,0,1,0,0,0,1,1,0,0,0,1,1,1,East,Wholesaler,scheme2,10971,78,4089,0.55,3,1,0
163_3,1,0,1,0,1,0,1,1,1,0,1,0,1,0,0,Central,Retailer,Loyalty,14709,49,4285,11.64,10,1,0
164_12,1,1,0,0,0,0,1,0,0,1,1,0,0,1,0,South,Retailer,scheme1,29019,35,4108,7.68,7,0,1
165_58,1,1,1,1,0,0,0,1,0,0,0,0,0,0,1,South,Retailer,scheme1,16541,84,4915,2.25,10,1,0
166_93,0,0,1,0,0,0,1,1,0,1,1,0,0,1,1,North,Wholesaler,Bulk Purchase,17044,67,3035,-4.0,10,0,0
167_27,1,0,1,0,1,1,0,1,1,1,1,0,0,1,1,Central,Retailer,Discount,26487,78,3621,9.91,9,0,0
168_3,1,0,1,0,0,1,0,0,0,1,0,1,0,0,0,Central,Retailer,scheme1,21918,25,3938,-7.59,3,1,1
169_88,1,0,0,0,1,0,0,0,0,0,1,0,0,0,0,North,Wholesaler,scheme2,15881,15,3333,-9.92,8,1,0
170_15,0,0,1,1,1,1,1,1,0,0,1,1,0,0,0,East,Wholesaler,Bulk Purchase,14566,38,4039,29.03,3,0,1
171_11,1,1,0,1,0,0,0,0,1,0,1,0,1,1,1,South,Wholesaler,scheme1,17166,32,3107,-3.28,7,0,0
172_55,0,1,1,0,1,0,1,1,0,0,0,0,1,1,1,South,Wholesaler,scheme2,27225,28,4693,15.27,9,0,1
173_90,1,1,0,0,0,1,0,0,1,1,1,1,0,1,0,North,Retailer,scheme2,13088,64,1432,23.22,2,1,0
174_99,1,0,0,1,0,0,0,1,0,0,1,1,1,0,1,South,Wholesaler,scheme1,29178,79,3634,6.67,3,0,0
175_75,1,1,1,0,1,1,0,0,1,1,1,1,1,1,0,East,Retailer,scheme4,12346,95,3185,15.62,0,0,1
176_53,0,0,1,0,0,0,1,0,0,0,0,0,1,1,0,Central,Retailer,Loyalty,16062,58,3117,-8.51,4,0,1
177_84,1,1,0,1,0,1,1,1,0,1,0,0,0,1,1,Central,Wholesaler,Discount,15598,79,2900,0.26,5,1,0
178_35,1,1,0,0,1,1,0,0,1,1,0,0,0,1,0,West,Retailer,Bulk Purchase,18237,2,1198,10.87,10,1,1
179_66,0,1,0,0,0,0,1,1,0,1,0,0,0,0,0,South,Retailer,Bulk Purchase,29166,78,4931,19.02,0,0,1
180_63,1,1,1,0,0,1,0,1,1,1,0,0,0,1,0,Central,Retailer,Bulk Purchase,23592,88,3735,8.63,4,1,0
181_29,1,1,0,0,1,0,0,0,1,1,0,0,1,0,0,West,Retailer,Bulk Purchase,10313,45,2858,8.75,4,1,1
182_51,0,0,0,1,0,1,1,1,0,1,1,1,1,0,0,South,Retailer,Bulk Purchase,28576,13,3203,8.59,4,0,0
183_90,0,1,1,0,1,0,0,0,0,0,1,0,0,1,0,West,Wholesaler,scheme3,16296,56,3060,13.82,0,0,1
184_93,1,0,1,0,0,0,0,0,1,1,0,0,1,0,0,East,Retailer,Loyalty,20673,36,3091,17.39,2,1,1
185_89,0,0,0,0,1,1,0,1,0,0,1,0,0,1,0,East,Retailer,scheme4,27222,57,3392,24.11,5,1,0
186_88,0,1,1,1,0,1,1,1,0,0,0,0,0,0,1,North,Wholesaler,Loyalty,11609,80,3708,21.52,3,0,0
187_56,0,0,0,0,0,1,0,0,1,0,1,0,0,1,1,East,Wholesaler,scheme2,23975,16,1571,-7.51,3,1,0
188_52,1,0,0,0,0,1,0,0,0,0,0,1,0,0,0,Central,Retailer,Bulk Purchase,25098,25,2162,28.18,9,0,0
189_51,0,0,0,1,1,0,0,0,0,0,0,0,1,1,1,North,Wholesaler,Loyalty,18640,20,1793,8.62,5,1,0
190_80,0,1,1,0,1,0,0,0,1,0,1,0,0,1,1,East,Retailer,scheme4,19426,60,3412,7.15,5,0,0
191_37,1,0,0,0,1,0,0,1,1,1,1,1,0,0,1,North,Wholesaler,scheme3,14380,22,2925,18.29,9,1,0
192_36,1,1,1,1,0,0,1,0,1,0,1,1,0,1,1,South,Wholesaler,scheme4,23798,89,2919,20.64,0,0,0
193_72,0,1,1,0,0,1,1,1,0,1,1,0,0,0,1,East,Wholesaler,scheme3,20182,80,1189,-2.76,4,0,0
194_38,0,1,1,1,1,1,1,0,0,0,1,1,0,0,0,South,Retailer,scheme2,17017,79,1096,18.0,3,0,1
195_37,0,0,0,1,1,0,1,1,0,0,1,1,1,0,0,East,Retailer,Loyalty,16845,40,1617,29.25,8,0,0
196_36,1,1,1,1,1,0,1,0,1,1,0,0,0,0,0,South,Wholesaler,Loyalty,22233,41,3804,16.01,10,1,0
197_14,1,0,0,1,0,0,0,0,0,0,1,0,0,1,0,South,Retailer,scheme3,11660,71,2677,20.02,3,1,0
198_27,0,0,0,0,1,1,0,0,1,1,1,1,1,1,1,West,Wholesaler,scheme1,24385,28,3773,8.72,7,0,0
199_89,1,0,1,1,0,1,1,1,0,0,0,1,0,0,1,North,Wholesaler,scheme3,28469,60,1483,-5.13,2,0,1
200_44,0,1,0,1,0,1,0,1,0,0,0,1,0,1,1,West,Retailer,Loyalty,12244,32,4631,-7.56,4,1,1
201_13,0,0,0,1,1,1,0,0,1,1,0,0,0,0,0,East,Retailer,scheme4,20859,75,4884,29.06,9,1,0
202_33,0,0,0,1,0,0,1,1,0,0,0,1,1,1,1,South,Wholesaler,Discount,16052,53,2959,4.08,1,1,1
203_93,0,1,1,0,1,0,1,0,0,0,0,0,1,1,1,South,Wholesaler,scheme3,11680,63,3940,4.66,4,0,0
204_93,1,0,1,0,1,1,0,1,0,0,1,0,0,1,1,East,Wholesaler,scheme3,22071,64,2333,15.07,3,1,1
205_9,0,1,1,1,0,0,0,0,0,0,0,1,1,0,1,North,Wholesaler,scheme3,20202,71,3677,-8.17,6,1,1
206_97,0,0,0,1,0,1,0,1,0,0,0,0,0,1,1,Central,Retailer,Bulk Purchase,16966,42,1946,-6.28,3,0,1
207_36,0,1,0,0,1,0,0,1,1,1,1,0,1,1,0,East,Retailer,scheme4,29139,11,2460,-5.2,6,1,1
208_71,0,1,0,1,0,1,0,1,0,0,1,1,1,0,0,Central,Wholesaler,scheme2,17555,28,4186,8.67,2,0,1
209_45,1,0,1,1,0,0,1,1,1,1,1,0,1,1,1,Central,Retailer,Loyalty,15863,60,1651,16.22,5,0,1
210_42,1,0,0,1,0,0,1,0,1,1,1,1,1,1,1,South,Retailer,scheme4,28274,3,1121,-5.59,8,0,0
211_11,0,1,0,0,0,1,0,0,1,0,1,1,1,0,0,West,Retailer,Discount,25177,38,3822,13.07,0,1,1
212_67,1,0,0,0,1,0,1,0,1,1,0,1,1,0,0,Central,Retailer,scheme2,17797,6,2036,-8.12,7,0,0
213_67,1,0,1,1,1,0,1,0,0,0,1,1,0,0,0,East,Retailer,scheme2,22946,19,3609,16.26,0,0,0
214_64,0,1,0,1,0,1,0,1,1,1,0,0,1,0,0,West,Retailer,scheme3,29657,99,3122,14.71,2,0,0
215_64,1,1,0,0,0,0,0,1,0,1,1,0,1,1,0,South,Retailer,Discount,15582,31,3451,-7.29,2,1,1
216_82,1,1,1,0,1,1,0,1,0,0,0,0,1,1,0,Central,Retailer,scheme1,22325,46,1688,-8.6,2,1,0
217_25,1,0,1,0,1,1,1,1,1,1,1,1,1,0,1,South,Wholesaler,Loyalty,27659,56,2553,19.97,10,1,0
218_31,1,0,1,0,1,1,1,0,1,0,0,1,1,0,1,North,Retailer,scheme4,28617,45,2726,11.23,3,1,0
219_42,0,1,1,0,1,0,1,1,0,0,0,1,0,0,0,West,Wholesaler,Bulk Purchase,15494,50,3213,18.88,2,0,1
220_14,0,1,1,1,1,1,0,1,1,0,0,0,1,1,1,Central,Wholesaler,Discount,23128,10,3615,-8.34,8,0,0
221_28,1,1,1,1,1,0,0,0,0,1,1,1,0,0,0,East,Retailer,Loyalty,27919,78,2020,-3.55,4,0,1
222_51,0,1,0,1,0,1,1,0,0,1,1,1,0,1,0,North,Retailer,Discount,11717,54,1086,21.59,0,1,0
223_33,0,0,1,0,1,0,0,0,0,1,0,1,0,0,0,Central,Wholesaler,scheme4,23476,58,3626,2.26,0,1,0
224_7,0,1,1,1,0,1,1,1,0,0,0,0,0,0,1,South,Wholesaler,scheme3,17788,31,1133,14.08,5,0,0
225_66,1,0,1,1,0,1,0,1,1,0,1,1,0,0,1,South,Retailer,scheme2,14138,94,3704,24.54,1,1,1
226_37,1,1,0,0,1,1,0,1,1,0,0,0,1,1,0,West,Wholesaler,Discount,14154,86,4585,0.84,3,1,0
227_24,1,0,0,1,1,1,0,0,0,0,1,0,0,0,1,South,Wholesaler,Discount,25232,70,4665,27.2,2,0,1
228_19,0,0,1,1,0,1,1,1,0,0,1,0,0,0,0,Central,Retailer,scheme1,23624,81,3007,19.03,1,1,0
229_64,1,0,0,0,1,0,0,1,0,1,1,0,0,1,1,West,Wholesaler,scheme2,15597,12,3482,4.51,5,1,0
230_47,0,1,1,1,1,0,0,1,1,0,1,1,1,0,1,Central,Wholesaler,Loyalty,21560,65,4894,1.2,2,0,0
231_34,0,1,1,0,0,1,0,0,1,1,1,0,1,1,0,South,Retailer,scheme4,19094,98,4753,8.63,2,0,0
232_84,0,1,1,0,0,0,0,1,1,0,1,1,1,1,0,West,Wholesaler,Loyalty,23279,16,4065,5.73,3,0,0
233_26,0,1,1,0,1,1,0,0,0,1,0,0,0,0,1,West,Retailer,scheme4,13881,89,2632,-3.18,1,1,0
234_60,0,0,0,1,0,0,0,0,0,0,1,0,1,0,0,Central,Retailer,scheme1,28039,89,4216,29.87,7,1,0
235_37,0,1,0,1,1,1,0,0,1,0,1,0,1,0,1,South,Wholesaler,Loyalty,16163,42,2855,8.42,4,1,0
236_91,0,1,1,1,1,0,0,1,0,0,0,0,0,1,1,West,Wholesaler,scheme4,17228,24,1269,17.46,1,0,0
237_50,0,1,0,1,0,0,1,1,1,1,0,0,0,1,1,East,Retailer,scheme1,24282,86,2813,7.12,4,0,1
238_58,1,1,0,0,0,0,1,0,0,1,0,0,1,1,1,North,Wholesaler,Loyalty,12555,76,3150,4.44,4,1,0
239_27,1,1,1,1,1,1,0,1,1,1,1,0,1,1,1,Central,Wholesaler,Bulk Purchase,12924,79,3163,18.77,2,1,0
240_49,1,1,1,1,1,1,0,0,1,1,1,0,0,0,0,East,Retailer,Loyalty,23155,90,4552,25.56,1,1,1
241_43,0,0,1,1,1,0,1,1,1,0,0,0,1,1,1,East,Retailer,scheme4,19322,24,2778,0.37,7,1,0
242_84,1,0,0,0,1,0,1,0,1,1,0,0,0,0,1,West,Retailer,scheme1,23524,95,4954,-0.94,6,1,1
243_58,1,0,0,0,0,1,0,1,1,0,1,0,0,0,0,South,Retailer,scheme2,19997,85,3058,-0.15,4,0,1
244_49,1,0,1,1,1,0,1,0,0,0,1,1,0,0,1,East,Wholesaler,scheme3,17071,10,1854,-7.5,6,0,0
245_56,0,0,1,1,1,1,1,1,1,0,1,1,0,0,0,West,Retailer,Discount,20886,69,1414,0.0,10,1,0
246_78,1,0,1,1,1,0,1,1,0,1,0,0,1,0,1,West,Retailer,scheme1,13153,8,4162,5.55,9,0,1
247_75,0,0,0,0,0,1,1,1,1,0,0,0,0,1,0,South,Retailer,scheme1,24304,5,2125,-4.29,9,1,1
248_74,0,0,0,1,0,1,0,0,1,0,0,0,0,0,1,South,Wholesaler,scheme3,21809,100,2862,27.27,7,1,0
249_19,1,0,0,1,1,1,0,0,0,0,1,0,1,0,0,West,Retailer,scheme4,29317,51,2349,-5.35,3,1,0
250_87,0,1,1,1,0,0,0,0,0,1,0,0,0,0,1,West,Wholesaler,Bulk Purchase,12610,3,3621,3.46,7,1,0
251_34,1,1,0,0,1,1,1,1,1,1,0,0,0,1,1,North,Retailer,Loyalty,25293,79,2040,-8.49,6,0,0
252_62,1,0,0,1,0,0,1,1,1,1,0,1,0,1,0,North,Retailer,scheme1,20013,45,3273,-7.09,5,0,0
253_82,1,0,0,1,1,0,0,1,1,1,1,0,1,1,0,Central,Wholesaler,Discount,16199,75,1116,10.94,9,0,1
254_97,1,1,0,0,1,1,1,0,0,1,1,0,0,1,1,Central,Wholesaler,scheme3,26594,15,1030,8.37,4,0,1
255_72,0,0,0,0,1,1,1,0,0,1,0,1,0,0,0,North,Wholesaler,scheme3,13970,95,3976,-5.29,1,0,0
256_36,0,1,1,1,0,1,0,1,0,1,0,1,1,0,1,East,Wholesaler,Discount,13835,53,1112,19.68,1,1,0
257_36,1,0,1,0,1,0,1,1,0,0,0,1,1,0,0,East,Wholesaler,scheme3,15086,78,4127,-0.59,2,1,1
258_63,1,0,0,0,1,0,0,1,1,0,1,1,0,0,1,Central,Wholesaler,scheme2,20317,13,1909,-8.79,7,0,1
259_12,0,1,1,1,0,1,1,1,1,1,1,0,1,1,1,Central,Retailer,Bulk Purchase,26461,89,3684,4.89,4,1,1
260_95,0,0,0,1,1,1,0,1,0,0,1,1,0,1,1,Central,Wholesaler,scheme1,25935,85,2204,4.86,5,1,0
261_25,1,0,0,1,1,1,1,0,0,0,0,0,1,1,0,Central,Retailer,Loyalty,29050,69,2807,25.36,1,0,1
262_63,1,1,0,1,1,1,0,1,1,0,0,1,1,0,1,Central,Wholesaler,scheme4,10356,91,2121,15.13,1,1,0
263_68,0,1,1,0,0,1,0,1,1,0,0,1,1,1,1,South,Retailer,Discount,14635,81,2998,16.77,9,0,1
264_80,1,1,1,1,0,1,0,1,0,1,0,0,0,1,0,Central,Wholesaler,scheme4,18665,29,4416,21.06,1,1,0
265_13,1,0,0,1,1,0,0,0,1,0,0,0,1,0,0,South,Retailer,scheme2,12035,40,4297,-5.54,6,0,0
266_94,0,0,0,0,1,0,1,0,0,1,0,1,1,0,1,North,Retailer,scheme1,26239,63,3239,0.02,10,1,0
267_3,0,1,1,1,1,1,0,1,1,0,0,1,0,1,1,Central,Wholesaler,scheme4,17498,49,3887,21.83,10,1,0
268_21,0,0,1,1,1,1,0,0,1,1,0,0,1,0,0,North,Retailer,scheme2,24563,31,1301,7.61,9,1,1
269_47,0,1,1,0,1,0,1,0,0,1,0,1,0,0,0,South,Retailer,scheme2,29061,22,2171,14.16,10,0,1
270_53,1,1,0,1,1,1,1,0,1,0,1,0,1,1,1,Central,Retailer,scheme1,29392,71,2289,15.34,8,0,0
271_48,0,1,0,0,0,0,0,0,1,1,0,0,0,1,1,Central,Retailer,scheme3,19538,92,1949,-9.04,1,1,0
272_69,0,1,1,0,0,1,0,1,0,0,1,1,1,1,0,East,Wholesaler,scheme3,27473,20,4188,21.74,6,1,0
273_56,1,1,1,0,1,1,0,1,0,1,1,1,0,1,1,Central,Wholesaler,scheme1,20196,90,4840,-0.03,2,0,1
274_96,1,0,1,1,1,0,0,1,0,0,0,1,1,0,0,North,Wholesaler,Discount,29452,99,1429,-1.05,8,0,1
275_19,1,0,1,1,0,1,0,0,1,0,0,0,0,0,1,Central,Wholesaler,scheme4,13075,42,2045,10.29,10,0,0
276_43,0,0,0,0,1,1,0,1,1,1,0,1,1,0,1,North,Retailer,Discount,29556,41,2163,1.51,5,0,1
277_42,1,0,0,0,0,0,1,1,0,0,0,0,1,0,0,West,Wholesaler,scheme1,29698,20,3101,5.46,4,1,1
278_15,1,1,1,1,1,0,1,0,1,0,1,0,0,0,0,West,Retailer,Bulk Purchase,20222,96,2698,25.72,1,1,0
279_24,0,1,1,0,0,1,0,1,1,1,0,0,0,1,0,Central,Retailer,Discount,21829,99,2527,10.94,2,1,1
280_1,0,1,0,0,0,1,1,1,0,0,0,0,1,0,0,West,Wholesaler,Loyalty,21976,10,3959,14.6,10,0,1
281_21,0,0,0,1,1,0,0,1,1,0,0,1,0,0,1,South,Wholesaler,Loyalty,24295,99,1553,5.55,6,1,0
282_79,1,1,0,0,1,1,0,0,0,1,0,0,1,1,1,East,Wholesaler,Loyalty,22479,65,4676,-9.12,6,1,0
283_20,1,1,1,1,0,0,0,1,1,1,0,1,0,0,1,North,Wholesaler,scheme3,11980,53,3380,17.66,6,0,0
284_98,0,1,1,0,0,0,0,1,1,0,0,1,1,0,1,West,Wholesaler,scheme2,26196,71,1562,20.71,9,0,0
285_99,0,0,0,0,1,0,0,0,1,0,1,0,1,0,1,East,Retailer,Discount,16634,55,3177,-2.55,10,1,0
286_82,1,0,1,0,1,1,0,0,1,1,1,1,1,0,1,West,Retailer,Loyalty,15509,37,2805,11.04,3,0,0
287_84,0,0,1,0,1,1,0,0,0,1,1,0,0,1,0,Central,Wholesaler,Bulk Purchase,25732,47,4934,10.5,0,0,1
288_35,0,1,1,1,1,1,0,0,0,1,0,1,1,1,0,Central,Wholesaler,scheme3,14619,3,1815,16.76,2,0,0
289_71,0,0,1,0,0,0,1,1,1,1,0,0,0,0,1,Central,Retailer,scheme4,23810,19,3528,27.79,7,1,1
290_28,1,0,1,1,1,1,1,0,1,0,0,1,0,0,1,Central,Retailer,Loyalty,12251,92,1617,9.25,4,1,1
291_98,0,1,0,0,1,0,1,1,1,1,1,1,0,1,0,South,Wholesaler,Loyalty,24792,80,2418,10.83,6,1,1
292_11,1,0,0,0,1,1,0,1,0,1,0,1,0,0,0,East,Wholesaler,scheme4,10262,5,1038,3.63,5,1,0
293_39,0,1,0,1,0,0,0,1,0,0,0,0,1,1,1,South,Wholesaler,scheme1,21870,96,2900,-2.79,7,1,1
294_41,1,1,1,0,0,0,0,0,0,1,1,1,1,0,1,West,Wholesaler,scheme3,12669,98,3754,10.49,4,1,0
295_77,1,0,0,0,1,0,0,1,0,1,1,0,0,1,1,Central,Wholesaler,Loyalty,25483,61,3517,27.41,6,0,0
296_86,0,1,0,1,1,0,1,1,0,0,0,1,1,1,1,South,Wholesaler,scheme1,21132,26,3416,-9.16,2,1,0
297_41,0,0,0,0,1,1,1,1,1,0,0,1,1,1,0,East,Wholesaler,Loyalty,29143,62,4585,23.29,3,1,0
298_56,0,0,0,0,0,0,0,0,1,1,0,1,1,0,0,South,Retailer,scheme3,28998,63,4010,-4.69,2,0,1
299_74,0,1,0,1,0,0,1,1,0,0,1,0,1,0,1,West,Retailer,Bulk Purchase,17684,48,1694,2.69,5,0,1
300_9,1,1,0,0,1,0,1,1,0,1,1,1,1,1,1,West,Retailer,Loyalty,23138,91,3755,-4.27,3,1,1
301_22,1,1,1,1,0,1,1,1,0,1,1,0,0,0,1,Central,Retailer,scheme3,14594,18,2273,1.66,10,0,1
302_30,0,0,1,0,0,0,1,1,1,0,1,1,1,0,0,West,Wholesaler,Loyalty,18264,80,1276,2.57,8,0,1
303_92,0,1,0,0,0,1,1,0,1,1,1,1,1,1,0,West,Retailer,Loyalty,20109,64,2600,-4.14,2,0,1
304_31,0,0,0,0,0,0,1,1,0,1,0,0,1,0,1,West,Retailer,Discount,17441,67,1782,1.69,6,1,1
305_76,1,1,0,1,0,0,1,0,1,0,0,1,0,1,1,South,Retailer,Discount,27275,94,2775,23.35,10,0,1
306_96,1,1,0,1,0,1,0,1,1,0,1,1,0,0,0,West,Wholesaler,Discount,21572,21,2816,10.53,9,0,0
307_85,1,1,1,0,0,0,1,0,1,1,1,0,1,1,1,Central,Wholesaler,scheme3,26149,4,3915,-5.78,3,0,0
308_95,0,0,1,1,0,1,0,1,1,0,1,0,1,1,1,West,Retailer,Loyalty,28498,45,2115,2.82,2,0,1
309_74,1,0,0,0,1,1,0,1,0,1,0,1,1,0,1,Central,Retailer,Discount,16407,67,3151,1.52,3,1,1
310_39,1,1,0,1,0,1,0,0,1,0,1,0,1,0,1,West,Retailer,scheme3,27961,40,1650,15.46,5,0,0
311_95,1,1,1,0,0,1,0,0,0,0,1,1,0,1,0,South,Wholesaler,scheme1,21272,61,4148,24.7,1,0,0
312_1,1,1,0,1,0,1,1,0,1,1,0,0,1,1,0,West,Retailer,Loyalty,22096,41,3329,15.52,8,1,1
313_38,0,0,1,1,0,1,1,0,1,0,1,1,1,0,1,West,Retailer,scheme1,11229,21,3302,-7.42,10,0,0
314_2,1,1,1,0,0,1,0,1,0,1,0,0,0,1,0,North,Wholesaler,Loyalty,17039,16,3034,27.04,9,0,0
315_87,0,0,0,0,1,0,0,0,0,0,1,0,0,1,0,North,Retailer,scheme3,15165,91,1488,-8.99,0,0,0
316_87,1,1,0,1,0,1,1,0,0,0,0,1,1,0,0,Central,Wholesaler,scheme1,29563,17,3429,-0.08,5,0,1
317_93,1,1,0,0,1,0,1,0,0,0,0,1,1,1,1,South,Wholesaler,Loyalty,29221,21,2510,19.3,2,1,1
318_57,1,1,0,1,0,1,1,0,0,0,0,0,1,0,1,West,Retailer,scheme3,25919,78,4603,14.25,9,1,0
319_23,1,0,0,1,0,0,1,1,0,0,1,0,1,1,0,East,Retailer,scheme2,24794,27,2155,8.28,0,0,1
320_72,0,0,0,1,0,0,1,1,1,0,0,1,1,1,1,South,Retailer,Discount,29815,59,1379,26.96,4,1,0
321_29,1,1,0,1,0,0,1,1,0,1,0,1,0,1,1,Central,Retailer,Loyalty,19605,46,2056,-3.24,10,1,0
322_57,0,0,0,1,1,1,1,0,0,0,0,0,0,0,0,South,Retailer,Discount,10240,5,3771,-3.19,9,1,0
323_1,1,0,0,0,1,0,0,1,1,1,1,1,1,1,1,West,Retailer,scheme1,12546,25,4579,24.53,10,1,1
324_19,1,1,0,0,0,0,1,0,1,1,1,1,0,0,0,Central,Retailer,scheme4,21875,61,2566,-5.46,3,0,0
325_87,1,0,1,0,0,1,1,0,1,0,0,0,1,0,0,East,Wholesaler,scheme1,23275,99,1638,23.18,5,0,0
326_67,1,1,1,0,0,1,1,1,1,1,0,1,0,0,0,East,Retailer,Discount,12218,14,1369,26.53,7,0,0
327_51,1,0,0,0,1,0,0,1,0,0,1,1,0,0,1,West,Wholesaler,Discount,26636,33,3745,20.36,5,1,1
328_91,1,0,1,1,0,1,1,0,0,0,0,1,1,0,0,West,Retailer,scheme1,16896,73,2931,17.32,8,0,1
329_62,0,0,0,1,1,1,0,1,1,1,1,0,1,1,0,West,Retailer,Loyalty,22309,31,1151,-6.12,0,0,0
330_37,0,1,0,0,1,0,1,0,1,1,1,0,0,1,0,South,Wholesaler,scheme1,25899,13,1233,-4.13,5,0,1
331_35,1,1,1,1,1,0,0,0,1,1,0,0,0,0,1,South,Retailer,scheme2,25926,30,1741,1.54,8,1,0
332_79,0,0,1,0,1,0,1,1,0,1,1,1,1,0,1,East,Wholesaler,scheme1,13406,26,3051,-9.48,10,0,1
333_97,1,0,1,0,1,0,1,0,1,1,0,0,0,1,1,Central,Wholesaler,scheme4,10357,46,3487,-8.67,4,1,1
334_16,0,1,0,0,0,1,1,1,0,1,1,1,0,0,1,North,Retailer,scheme3,12605,40,4105,17.48,10,1,0
335_67,0,1,0,0,0,0,0,1,1,0,1,0,0,0,1,West,Retailer,Loyalty,10307,54,4674,18.31,3,1,1
336_64,1,0,1,1,1,0,0,0,0,1,1,0,0,0,1,South,Wholesaler,Loyalty,18583,1,2671,28.6,3,0,1
337_21,0,0,1,0,1,0,1,0,1,1,0,1,1,1,1,North,Retailer,scheme1,10704,10,4122,16.59,1,1,0
338_93,1,0,1,1,0,1,1,0,1,1,1,0,1,0,0,East,Wholesaler,scheme4,13081,48,3807,-1.81,0,1,0
339_87,0,1,0,0,0,1,0,0,0,1,0,1,0,0,0,West,Retailer,scheme3,21368,56,1975,-6.34,9,0,1
340_51,1,0,1,0,0,0,0,0,1,0,1,0,1,0,1,East,Retailer,scheme1,10657,4,1401,28.63,10,0,0
341_86,0,1,1,1,1,1,1,0,0,0,1,1,1,0,0,Central,Wholesaler,Loyalty,19642,44,3025,-3.56,2,1,0
342_80,0,1,1,0,1,1,0,1,1,0,0,1,1,1,0,North,Wholesaler,scheme3,23449,17,1192,-1.97,4,1,0
343_5,0,0,1,0,1,1,0,0,1,0,0,1,0,0,0,South,Retailer,scheme1,12937,15,1447,1.6,5,1,1
344_88,1,1,0,0,1,1,1,0,0,0,0,0,1,0,1,South,Wholesaler,scheme3,26312,48,3370,7.91,4,1,0
345_84,0,1,1,1,1,1,1,0,0,0,1,0,1,1,0,Central,Retailer,Bulk Purchase,29634,2,2100,8.19,1,0,1
346_68,0,1,0,0,0,0,1,1,1,0,1,0,1,0,0,North,Wholesaler,scheme3,11173,78,2780,25.78,10,0,0
347_9,1,0,1,0,1,1,1,1,0,1,0,1,0,0,1,West,Wholesaler,scheme2,21713,87,2642,-8.05,5,0,0
348_81,0,0,1,1,0,1,0,1,1,0,1,0,0,1,1,East,Wholesaler,scheme3,16387,99,4301,16.84,5,0,1
349_29,0,1,1,0,0,1,0,0,1,0,1,0,1,1,0,Central,Wholesaler,Loyalty,26556,56,4584,18.26,2,1,0
350_82,1,1,0,0,1,1,1,0,0,0,1,0,0,0,0,West,Retailer,scheme3,16020,25,2592,27.75,3,1,0
351_79,1,0,1,0,0,0,1,1,0,0,1,1,0,1,1,Central,Retailer,scheme1,25406,94,4971,-1.98,7,0,0
352_22,0,0,1,1,1,0,0,0,0,1,0,0,1,0,0,North,Retailer,scheme1,27178,76,4902,5.08,10,0,1
353_97,0,1,1,0,0,0,0,0,1,1,0,1,1,0,0,South,Retailer,Bulk Purchase,17595,5,1802,-6.18,4,0,0
354_67,0,1,1,0,1,1,1,0,0,1,1,1,1,0,1,North,Wholesaler,Discount,13500,12,3888,12.44,6,1,1
355_11,0,0,0,0,0,0,1,0,0,1,0,0,0,1,1,West,Wholesaler,Bulk Purchase,19416,55,1897,6.02,5,1,1
356_67,0,0,0,1,1,1,1,0,0,1,1,0,0,1,0,East,Wholesaler,scheme1,14968,69,4735,26.11,2,1,1
357_79,1,0,1,1,0,1,0,0,1,1,1,1,1,0,1,Central,Wholesaler,scheme2,24782,35,3528,12.6,10,0,1
358_89,0,1,0,1,0,1,1,0,0,1,1,1,0,0,0,Central,Wholesaler,scheme2,25605,80,4683,11.69,2,1,0
359_65,1,1,1,0,0,0,1,0,0,0,0,1,0,1,1,West,Wholesaler,scheme2,14803,70,1826,21.12,10,1,0
360_76,0,1,0,0,1,0,0,1,0,1,0,1,1,0,1,North,Wholesaler,Loyalty,25927,18,2136,-5.68,8,1,0
361_46,0,0,1,1,0,0,0,1,0,0,1,0,1,0,0,Central,Retailer,Bulk Purchase,29373,16,3170,24.9,9,1,0
362_45,1,1,1,1,0,1,0,1,1,0,1,1,0,1,1,East,Retailer,scheme3,12687,26,3863,-7.19,1,0,0
363_60,0,1,0,1,1,0,1,0,1,0,1,0,1,1,1,North,Wholesaler,scheme2,12541,76,2741,-8.67,0,1,0
364_17,0,1,0,0,1,1,1,0,0,1,0,1,0,1,0,North,Wholesaler,scheme3,17192,9,3149,28.83,6,0,1
365_89,1,1,0,0,1,1,1,1,0,1,0,0,1,0,1,Central,Wholesaler,scheme4,14743,44,3608,-1.99,3,0,1
366_94,0,1,1,1,1,1,1,1,1,1,1,1,1,1,1,West,Retailer,scheme2,13897,21,3721,-6.66,7,0,1
367_85,1,0,0,0,0,1,0,0,0,0,0,1,1,1,0,East,Retailer,scheme1,28799,52,4171,2.12,10,0,1
368_87,0,0,0,1,1,0,1,0,1,1,0,0,0,1,0,South,Retailer,Bulk Purchase,22012,100,3686,19.55,9,0,1
369_91,1,0,0,1,1,0,1,0,0,0,0,0,0,0,1,North,Wholesaler,scheme4,17050,37,1451,7.22,10,0,1
370_54,0,0,1,1,0,0,1,0,0,0,1,1,0,0,0,Central,Wholesaler,Bulk Purchase,24727,52,4706,-6.97,0,0,1
371_13,0,1,1,1,0,1,0,1,0,0,0,1,1,1,1,Central,Retailer,scheme1,18353,83,3288,29.29,7,1,1
372_55,0,1,1,1,1,1,0,1,0,1,1,0,1,1,0,Central,Wholesaler,Loyalty,18372,7,2321,-2.0,8,1,1
373_17,0,0,1,1,0,0,0,1,0,0,1,1,1,1,0,South,Wholesaler,Discount,25895,15,2628,10.63,9,1,1
374_56,1,0,1,0,0,1,1,0,0,0,1,0,0,1,0,East,Retailer,Discount,16540,34,4652,19.75,8,1,0
375_65,1,0,0,0,0,0,0,1,1,0,0,1,1,1,0,Central,Wholesaler,scheme4,27970,11,4722,23.46,5,1,0
376_2,0,1,1,0,0,1,0,1,1,0,1,1,1,0,0,East,Wholesaler,scheme1,15271,65,3292,14.38,0,0,1
377_51,0,0,0,0,0,1,0,0,0,1,1,0,1,0,0,North,Wholesaler,scheme2,12027,64,2066,-3.95,2,1,1
378_60,1,0,1,1,1,0,1,0,1,0,0,0,1,1,1,West,Wholesaler,scheme4,25634,29,3137,-2.97,1,0,1
379_31,1,0,1,0,0,1,1,1,1,0,1,0,1,1,1,South,Wholesaler,scheme2,21887,78,3187,-2.59,0,1,0
380_31,1,1,1,1,1,0,0,1,0,1,0,0,0,0,1,West,Wholesaler,scheme3,24688,15,2049,19.42,3,1,1
381_55,0,0,0,1,0,1,0,1,1,0,0,1,1,0,1,North,Wholesaler,Discount,10569,36,1121,3.2,7,1,1
382_77,1,1,1,1,1,1,0,1,0,1,0,0,0,0,0,Central,Wholesaler,Discount,12758,64,4304,20.48,0,0,1
383_89,1,0,0,1,1,1,1,0,0,0,0,1,0,1,1,North,Wholesaler,Loyalty,28448,85,3370,3.4,4,0,1
384_22,0,0,1,0,1,1,1,0,1,1,0,0,1,1,1,West,Wholesaler,scheme4,19876,44,1688,15.7,2,0,0
385_50,0,0,1,0,1,0,0,1,0,1,1,0,1,0,1,South,Retailer,Loyalty,14818,27,2669,-4.39,7,0,0
386_98,0,0,0,1,0,1,0,0,1,1,0,0,1,1,1,East,Retailer,scheme2,14471,97,4190,29.0,9,1,1
387_89,1,1,1,1,0,0,0,0,0,1,0,0,0,0,0,North,Retailer,scheme1,26483,1,3880,9.47,0,0,0
388_93,0,0,0,1,1,1,0,0,0,1,1,0,0,0,0,East,Wholesaler,Loyalty,23201,64,4463,24.11,0,1,0
389_80,0,0,0,1,0,0,0,0,0,1,1,0,1,1,1,East,Retailer,scheme2,13292,73,2180,16.37,10,1,1
390_43,1,0,1,0,1,0,0,0,0,1,0,0,0,0,1,West,Retailer,scheme2,22061,98,1460,-0.44,4,1,0
391_89,1,0,1,1,0,0,0,1,0,1,0,0,1,1,1,East,Retailer,Discount,11830,2,2849,-7.16,3,1,1
392_98,0,1,0,0,0,1,1,1,1,1,0,1,1,0,1,West,Wholesaler,Bulk Purchase,11907,21,1781,7.79,7,1,0
393_97,0,1,0,1,0,0,1,0,1,0,1,0,0,1,0,Central,Retailer,Discount,27807,51,2285,18.24,6,1,0
394_84,1,0,1,0,1,1,0,0,1,1,0,0,0,1,1,West,Retailer,scheme3,19225,66,3896,23.57,10,1,0
395_52,0,1,0,0,0,0,1,1,1,1,0,1,0,0,1,North,Retailer,scheme4,15802,94,4194,-1.3,6,1,1
396_74,0,1,1,1,0,0,0,0,1,1,1,1,1,0,0,South,Wholesaler,scheme2,11999,71,1767,16.15,5,0,1
397_67,0,1,0,0,1,1,1,0,0,0,0,1,0,0,0,North,Wholesaler,Discount,26853,2,2754,0.91,4,1,0
398_47,0,0,0,1,0,0,1,0,0,1,0,0,0,0,0,Central,Retailer,scheme4,23270,90,3964,-0.68,0,0,1
399_49,1,1,1,1,0,0,0,0,1,0,0,0,1,1,1,Central,Retailer,scheme4,17346,38,4471,10.97,5,0,0
400_1,1,1,0,1,1,1,1,0,0,0,0,0,1,1,1,South,Wholesaler,scheme3,27176,82,2055,3.42,8,1,1
401_98,1,0,1,0,0,0,0,0,0,1,1,0,0,1,0,East,Retailer,scheme4,12412,79,2442,8.87,1,1,0
402_18,0,0,1,1,1,0,1,0,1,1,0,1,1,0,1,North,Wholesaler,scheme4,19231,78,3003,16.34,1,0,0
403_21,0,0,0,0,0,0,1,1,1,1,0,1,0,0,1,South,Wholesaler,scheme3,12816,31,2240,-3.12,7,0,1
404_68,0,1,0,0,0,1,0,0,1,0,0,0,0,0,0,East,Wholesaler,scheme2,18735,54,1357,13.94,5,1,0
405_91,1,0,1,0,1,0,1,0,0,0,1,0,1,1,1,North,Retailer,scheme2,26503,83,3978,21.53,0,1,0
406_80,0,0,1,1,0,0,1,0,1,1,0,0,0,0,0,South,Wholesaler,Loyalty,11716,22,2910,-8.99,8,0,0
407_59,0,1,1,1,0,0,0,1,0,1,0,1,0,0,1,East,Retailer,scheme2,23016,8,2146,-7.42,4,1,1
408_67,0,0,0,0,1,1,0,0,0,1,1,0,0,1,1,East,Wholesaler,scheme1,27953,63,4051,28.02,8,1,0
409_34,1,0,0,1,0,0,1,0,1,1,0,1,1,0,1,South,Retailer,Discount,25535,36,1680,9.67,6,1,1
410_56,1,1,1,0,0,1,1,0,0,0,0,1,1,1,0,Central,Retailer,scheme2,13057,80,1044,-6.89,9,1,0
411_81,0,1,1,1,0,0,1,1,0,0,1,1,1,1,1,South,Retailer,scheme3,26474,34,4536,29.1,10,0,1
412_22,1,1,0,0,1,1,1,0,1,1,0,0,0,1,0,South,Wholesaler,scheme4,14820,40,4727,26.9,9,0,0
413_14,1,1,0,1,0,1,0,0,0,0,0,1,1,0,1,East,Wholesaler,Loyalty,13224,6,1793,-4.75,3,1,0
414_66,1,1,1,0,1,1,1,1,0,0,1,1,1,1,1,South,Wholesaler,scheme1,20576,81,4461,3.38,6,1,0
415_22,0,0,0,0,1,1,1,1,1,0,1,1,1,0,0,East,Retailer,scheme1,16569,49,1897,18.84,2,0,0
416_77,1,1,0,0,1,0,0,1,1,0,0,1,0,0,0,Central,Retailer,Discount,16970,60,2478,24.57,8,1,1
417_24,1,0,1,1,1,0,0,0,1,0,0,0,0,1,0,East,Wholesaler,scheme1,23182,10,4440,21.8,6,1,1
418_78,0,1,1,0,1,1,0,1,0,1,1,0,1,1,0,North,Wholesaler,scheme3,17595,55,3610,11.26,7,1,0
419_49,0,0,0,1,1,0,0,0,1,1,1,0,0,1,1,West,Wholesaler,scheme2,21233,65,4577,10.78,2,0,1
420_41,0,1,0,0,0,1,1,0,1,0,0,1,0,0,0,West,Wholesaler,Bulk Purchase,21919,90,3567,21.26,2,1,0
421_14,0,0,1,0,1,0,1,1,0,1,0,1,1,0,0,North,Retailer,Loyalty,11440,91,1396,-1.98,8,1,0
422_81,0,0,1,1,1,1,0,0,0,1,0,0,0,1,1,North,Wholesaler,scheme1,28417,68,2782,13.25,3,1,0
423_32,1,1,0,0,0,0,0,0,1,1,0,0,1,0,1,South,Wholesaler,scheme2,11815,23,1568,26.29,10,1,1
424_76,1,0,0,1,0,0,1,1,1,1,1,0,1,1,1,North,Wholesaler,scheme4,20505,29,3711,5.73,10,1,0
425_64,0,1,1,1,1,1,1,0,0,1,1,1,0,0,1,West,Retailer,scheme4,10491,77,2033,-9.93,7,1,0
426_81,0,1,0,0,1,1,1,1,1,0,0,1,0,1,1,West,Wholesaler,scheme3,23217,53,2780,18.14,8,0,1
427_45,0,1,0,1,1,1,0,0,1,0,0,1,1,0,0,South,Retailer,Bulk Purchase,13623,51,1087,3.78,2,1,1
428_37,0,0,0,1,1,0,0,1,1,1,0,1,0,1,1,West,Wholesaler,scheme2,18396,58,2486,14.12,5,1,0
429_20,0,1,0,0,1,1,1,0,0,0,0,0,1,0,1,North,Retailer,scheme2,10837,95,4307,29.79,2,1,1
430_11,0,0,0,0,0,1,1,0,0,1,1,0,1,1,0,North,Retailer,Bulk Purchase,10043,13,4792,-8.3,10,0,0
431_77,1,1,1,0,0,1,1,0,1,1,1,0,1,0,1,East,Retailer,scheme2,27306,79,3200,9.84,6,0,0
432_6,1,0,0,1,0,1,0,0,1,0,0,1,1,0,0,Central,Wholesaler,scheme4,22520,90,1410,9.27,5,1,0
433_61,1,1,0,1,0,1,1,0,0,1,0,0,0,1,0,South,Retailer,scheme2,12107,78,2382,-4.01,6,0,1
434_5,1,1,1,1,0,1,1,1,0,1,1,1,1,0,1,East,Wholesaler,scheme2,27479,16,1962,22.01,8,0,1
435_8,1,0,1,1,0,1,1,0,0,1,0,0,0,1,1,North,Wholesaler,scheme1,16013,49,4756,17.91,0,0,1
436_60,0,1,1,0,1,0,0,1,1,1,1,1,1,1,1,North,Retailer,scheme3,10573,31,4711,25.37,9,1,0
437_21,1,1,1,0,0,1,0,0,0,1,0,0,0,0,1,South,Wholesaler,Bulk Purchase,10437,40,3092,18.62,6,1,0
438_57,0,0,0,1,1,0,1,1,0,1,0,1,1,0,1,South,Wholesaler,scheme3,29090,38,2978,5.48,1,0,0
439_23,0,1,0,1,0,1,1,0,0,1,0,1,0,0,0,North,Wholesaler,scheme4,19270,69,4085,17.92,10,0,0
440_40,0,0,0,1,0,0,0,0,0,1,0,0,0,1,1,West,Wholesaler,Bulk Purchase,28929,7,3660,19.0,6,0,0
441_67,1,1,1,1,1,0,0,1,0,1,0,1,0,0,1,West,Wholesaler,Discount,28949,10,4256,13.96,2,0,0
442_44,1,0,0,0,1,1,0,1,1,0,0,1,0,0,1,Central,Wholesaler,Bulk Purchase,26784,20,3962,28.32,5,0,0
443_30,1,1,1,1,0,0,0,1,1,1,1,0,1,1,1,North,Retailer,Loyalty,23837,13,1893,16.93,7,1,1
444_94,0,0,1,1,0,0,1,1,0,1,0,0,1,1,0,West,Retailer,Loyalty,29388,84,4271,-2.67,0,1,1
445_6,1,1,0,0,1,0,1,0,1,0,0,1,0,1,0,North,Retailer,scheme1,10168,66,3548,-7.76,9,1,0
446_16,0,0,0,0,0,0,0,0,0,1,1,1,1,1,1,East,Retailer,Bulk Purchase,25147,36,2846,5.65,1,0,0
447_3,0,1,1,0,0,1,1,1,0,0,0,1,0,1,0,South,Retailer,Discount,18980,39,4781,19.77,5,1,0
448_57,1,0,1,1,0,0,1,1,1,0,0,1,1,1,1,Central,Wholesaler,scheme3,18801,19,4736,17.5,9,0,0
449_22,1,0,0,1,0,0,1,1,0,0,1,0,0,1,0,South,Retailer,scheme4,21716,79,2529,12.96,1,1,0
450_57,0,0,1,0,0,0,0,1,1,0,0,0,0,1,0,East,Wholesaler,Loyalty,14737,40,2016,0.35,6,1,0
451_87,0,1,0,1,1,1,0,0,1,1,1,1,0,1,0,North,Wholesaler,scheme2,29031,9,2302,15.41,2,0,1
452_93,0,0,1,0,1,1,0,0,1,1,1,0,1,0,1,Central,Retailer,scheme4,11600,20,4345,23.24,8,0,1
453_76,0,0,0,0,1,0,0,0,0,1,0,1,1,1,1,South,Wholesaler,scheme1,16809,20,4481,18.93,8,0,0
454_49,1,1,1,0,0,0,0,0,0,0,1,1,1,1,0,Central,Retailer,scheme2,25805,28,2958,15.03,5,0,0
455_19,0,0,0,1,1,1,0,1,0,1,0,1,0,0,1,Central,Wholesaler,scheme4,23598,38,3598,11.46,4,0,0
456_16,0,0,0,0,0,0,1,1,1,0,1,1,1,1,1,South,Wholesaler,scheme2,28048,11,4173,10.36,1,1,1
457_29,1,1,1,0,1,1,0,1,0,1,0,1,1,0,1,West,Retailer,scheme1,28160,71,4651,1.62,4,0,0
458_53,1,0,0,1,1,1,1,1,0,1,0,0,0,0,1,South,Retailer,scheme4,26372,38,4474,24.0,9,1,0
459_54,1,0,0,1,1,0,1,1,1,1,0,1,1,1,1,Central,Wholesaler,Bulk Purchase,17787,52,3048,-3.82,9,0,1
460_31,1,0,0,0,0,0,1,0,0,0,0,1,0,0,0,West,Retailer,Discount,24886,61,1115,28.46,3,1,1
461_55,0,1,1,0,1,1,0,0,1,0,1,1,1,1,0,North,Wholesaler,Bulk Purchase,28943,31,1091,-6.77,9,1,0
462_37,0,1,0,1,0,1,1,0,0,0,0,0,1,1,0,West,Retailer,Loyalty,10651,16,1861,26.18,2,0,1
463_60,0,1,1,1,1,0,1,1,0,1,0,0,0,1,0,East,Wholesaler,Loyalty,24370,60,1437,13.1,6,0,0
464_37,0,1,0,1,0,1,0,0,1,1,1,1,1,1,1,North,Wholesaler,Loyalty,28675,87,4144,25.1,3,0,1
465_18,1,1,0,0,0,0,1,0,1,0,0,0,0,0,0,East,Wholesaler,scheme4,23939,31,3215,1.04,0,0,0
466_17,1,1,1,0,0,1,0,0,1,1,1,0,0,1,1,North,Retailer,scheme4,21732,25,1533,10.34,10,0,0
467_57,0,0,1,1,0,1,1,0,0,0,1,1,0,1,1,West,Wholesaler,Loyalty,17968,47,4641,13.07,4,0,1
468_89,1,1,1,1,1,1,1,1,0,0,1,0,0,0,1,East,Retailer,scheme1,15730,98,2800,1.0,9,1,1
469_78,0,0,1,1,1,0,1,0,0,1,1,0,0,1,1,South,Wholesaler,scheme4,22129,86,2119,-4.29,2,1,0
470_41,0,1,0,0,0,1,1,0,0,1,0,1,0,0,1,North,Retailer,scheme3,19209,38,2777,-3.36,8,1,1
471_98,1,0,0,1,0,1,1,0,1,0,0,1,0,1,0,South,Retailer,Discount,23834,33,2593,12.33,0,1,1
472_62,0,0,1,0,1,0,1,0,0,1,0,1,0,0,0,East,Wholesaler,Discount,20432,46,3043,9.46,8,0,0
473_30,0,0,1,0,0,1,1,1,0,1,1,0,1,0,1,South,Wholesaler,Loyalty,26652,13,1860,27.34,5,1,0
474_87,1,1,1,0,0,0,0,1,0,0,1,1,0,1,1,Central,Wholesaler,scheme3,23595,13,1176,-8.88,1,0,0
475_11,1,1,1,1,0,0,0,0,0,0,1,0,0,0,0,North,Wholesaler,Discount,11899,52,1499,17.84,4,1,1
476_10,0,1,1,1,0,0,0,0,0,1,1,1,1,0,0,West,Retailer,Loyalty,17016,43,2259,1.43,4,1,0
477_34,1,0,0,1,1,0,0,1,1,0,1,1,1,0,1,North,Retailer,Loyalty,27426,31,4390,-9.51,4,1,0
478_12,1,0,1,1,0,0,0,0,0,1,0,0,0,1,1,North,Retailer,scheme1,14776,5,1302,23.03,7,0,1
479_25,0,0,1,0,0,0,1,0,1,0,1,1,0,0,0,South,Retailer,scheme3,29831,82,2412,26.47,8,0,0
480_23,1,0,1,0,1,1,0,0,0,0,1,0,1,0,0,South,Retailer,scheme4,13949,4,1436,2.28,0,0,0
481_37,1,1,0,1,1,0,1,0,0,1,0,0,0,0,1,East,Wholesaler,Loyalty,10312,70,3202,23.27,0,1,1
482_98,0,0,1,0,0,0,0,0,1,0,1,0,0,0,1,North,Retailer,Loyalty,16536,59,1096,21.32,3,1,0
483_82,1,1,0,0,1,0,1,0,1,1,1,0,1,0,1,Central,Wholesaler,Bulk Purchase,13208,82,4861,11.04,10,1,1
484_97,0,0,1,1,0,1,0,0,1,0,0,1,1,0,1,Central,Retailer,scheme1,11124,39,4334,1.72,7,1,0
485_87,0,1,1,0,1,1,1,1,1,1,0,0,1,0,1,Central,Wholesaler,scheme3,29503,80,1005,29.16,2,1,0
486_1,1,1,0,1,1,0,0,0,0,0,0,1,1,1,1,South,Wholesaler,scheme3,10129,95,3056,28.04,7,0,0
487_82,1,1,1,1,1,1,0,0,1,0,0,1,0,0,0,West,Wholesaler,scheme4,22416,35,1235,-4.71,9,0,1
488_40,0,0,1,0,1,0,0,1,0,1,0,1,1,1,1,Central,Wholesaler,Discount,24049,79,4252,11.77,2,1,1
489_26,1,1,0,1,0,0,0,0,0,1,1,1,1,0,0,East,Retailer,scheme4,29637,63,2991,-8.39,5,0,1
490_73,0,1,1,1,0,0,1,0,0,1,0,0,1,1,0,West,Wholesaler,scheme3,27436,76,3464,13.98,2,0,1
491_41,1,1,0,1,0,0,1,1,0,1,0,0,1,0,0,South,Retailer,scheme3,25387,1,1441,18.89,4,0,1
492_3,0,1,1,0,0,1,1,0,0,1,1,0,1,1,1,East,Retailer,scheme1,27387,50,3852,6.1,0,0,0
493_14,0,0,0,1,0,0,1,0,0,0,1,1,1,1,1,South,Wholesaler,scheme3,21416,19,1753,15.58,3,0,0
494_77,0,0,1,0,1,1,0,1,0,1,0,1,1,0,0,Central,Wholesaler,Loyalty,10074,56,3407,27.34,7,0,1
495_70,1,0,0,1,1,0,0,0,1,1,1,1,0,0,0,East,Wholesaler,scheme4,24376,92,2067,8.32,10,0,0
496_12,1,1,0,0,1,1,1,1,0,1,0,1,0,0,1,West,Wholesaler,scheme4,13868,65,4004,11.58,10,0,0
497_62,0,1,1,0,1,1,1,0,1,0,0,1,0,1,0,West,Retailer,scheme2,24273,24,2064,27.42,2,1,0
498_48,0,1,0,1,0,0,1,1,1,0,0,0,1,1,1,Central,Retailer,Loyalty,14753,86,1336,-7.64,8,0,1
499_18,0,1,0,0,0,1,0,0,0,1,1,0,0,0,0,West,Retailer,scheme3,25296,98,1981,1.23,0,0,0
500_70,0,1,0,0,0,1,0,0,0,1,1,0,0,1,0,South,Wholesaler,Bulk Purchase,11233,93,1904,-9.74,6,1,0
501_70,1,0,1,0,0,1,0,0,0,1,1,0,1,1,1,West,Wholesaler,scheme1,23781,67,4323,29.95,5,1,0
502_13,1,1,0,0,1,0,0,1,0,1,0,1,0,1,0,North,Wholesaler,scheme2,10813,15,4985,28.27,0,0,0
503_83,0,0,0,1,0,1,1,0,1,0,1,0,0,1,1,North,Wholesaler,Discount,24836,89,2170,21.67,5,1,1
504_47,1,0,1,0,0,1,0,1,0,1,1,1,0,1,0,Central,Retailer,Discount,20579,81,1055,-8.13,8,0,0
505_19,1,0,1,1,0,1,1,0,1,0,0,1,1,1,0,Central,Retailer,scheme2,16132,2,4135,26.75,10,1,0
506_33,0,1,0,0,0,1,1,0,1,0,1,1,1,0,0,South,Retailer,scheme4,27781,58,3479,-3.34,6,0,1
507_31,1,0,1,0,0,1,1,0,0,1,1,0,0,0,1,South,Wholesaler,scheme3,22850,67,1526,2.97,7,0,1
508_61,0,0,0,1,1,0,0,0,1,1,0,0,1,0,1,South,Wholesaler,scheme1,24174,30,3470,16.27,10,0,0
509_58,1,0,1,1,1,0,0,0,0,0,0,0,0,0,1,West,Retailer,Loyalty,21170,43,2914,3.03,9,0,1
510_29,1,1,1,0,1,0,1,1,0,0,1,0,0,1,1,South,Wholesaler,scheme1,23760,20,3968,0.33,5,1,0
511_44,0,1,1,0,0,0,0,0,1,0,1,0,1,0,1,North,Wholesaler,scheme4,19421,67,2702,3.73,3,1,0
512_19,1,0,1,0,0,1,0,1,1,0,1,1,0,1,1,West,Retailer,scheme2,15192,2,1447,8.79,5,0,1
513_85,1,0,1,1,1,1,1,0,1,0,0,0,0,0,1,West,Wholesaler,Loyalty,25360,68,1016,17.9,4,0,1
514_64,0,0,1,1,0,0,0,1,0,1,0,1,0,1,1,West,Retailer,scheme4,26706,58,2772,1.08,6,0,0
515_52,1,1,1,1,1,1,0,0,0,1,1,1,0,1,0,North,Retailer,scheme3,24125,82,1059,21.89,2,0,1
516_38,0,1,0,1,1,1,1,1,0,0,1,1,1,1,0,Central,Retailer,scheme3,28868,50,4504,16.73,7,1,1
517_74,0,1,0,1,0,1,0,1,1,1,1,0,0,1,0,North,Retailer,scheme2,19264,61,1288,20.92,8,0,1
518_36,1,1,0,0,1,1,0,1,1,1,1,0,1,1,0,East,Wholesaler,Bulk Purchase,25923,64,1598,27.75,1,0,1
519_98,0,0,1,0,0,1,0,1,0,1,1,1,1,0,0,West,Wholesaler,scheme3,24962,57,3467,8.43,0,0,1
520_17,1,0,0,1,0,1,1,0,0,1,0,0,0,0,0,West,Retailer,Bulk Purchase,21434,40,3984,6.55,1,1,0
521_45,0,1,1,1,1,0,0,0,0,1,0,0,1,1,0,Central,Retailer,Discount,18221,69,3218,8.69,9,1,1
522_2,1,1,1,1,0,1,0,1,1,1,0,0,0,0,1,North,Retailer,Loyalty,21015,50,4825,5.08,4,0,0
523_56,1,0,0,0,1,1,1,0,0,0,1,0,1,0,1,East,Wholesaler,scheme4,29177,43,3839,-6.47,6,1,1
524_15,1,0,1,1,1,1,1,0,0,0,0,1,1,0,0,West,Retailer,scheme4,28438,87,3649,18.03,5,1,0
525_72,1,0,0,0,1,1,0,0,0,1,0,1,1,0,0,South,Wholesaler,Bulk Purchase,28576,25,1507,18.42,6,1,0
526_94,1,0,1,1,1,0,1,0,1,0,0,0,1,0,0,Central,Retailer,Bulk Purchase,19568,27,2023,16.18,9,0,0
527_15,0,0,1,1,0,0,1,0,1,0,1,0,1,0,0,West,Wholesaler,scheme2,19232,78,1780,2.79,8,1,0
528_51,0,0,1,0,0,1,0,0,1,1,0,0,1,1,1,East,Wholesaler,scheme3,21911,70,1768,25.87,7,1,1
529_46,0,1,1,1,1,1,1,1,1,0,1,0,1,0,1,South,Retailer,Discount,25319,58,3866,-2.0,7,1,1
530_68,0,1,1,0,0,1,0,0,0,1,1,1,1,0,0,North,Retailer,scheme3,10304,50,4267,21.77,6,1,1
531_44,0,0,0,1,0,0,0,0,0,1,1,1,1,0,0,East,Wholesaler,scheme2,24578,84,2677,-9.67,1,0,0
532_23,1,1,1,1,1,0,0,0,1,0,1,1,1,1,0,West,Wholesaler,Discount,11565,15,2815,3.47,4,1,0
533_18,0,0,1,0,1,1,1,1,1,1,1,1,1,0,1,South,Retailer,scheme1,24536,90,4861,-7.12,2,1,1
534_16,1,0,0,1,0,0,1,0,0,0,0,1,1,1,0,West,Retailer,Discount,23449,65,1395,10.21,0,0,1
535_49,0,1,0,0,0,0,0,0,1,0,0,1,0,0,1,East,Wholesaler,Loyalty,18360,1,1445,7.93,8,1,0
536_6,1,1,0,0,1,0,0,1,0,0,1,1,1,1,0,South,Wholesaler,Discount,13209,54,2513,4.62,3,1,0
537_61,1,1,0,0,1,1,1,0,1,0,0,0,1,1,0,Central,Wholesaler,Discount,27910,16,4958,-3.79,9,1,1
538_57,1,0,0,1,1,0,0,0,0,1,0,1,1,1,1,South,Wholesaler,Loyalty,10839,95,1250,-2.01,1,0,0
539_47,1,0,0,1,0,1,1,1,1,0,1,0,0,0,0,South,Retailer,Discount,20567,37,3578,26.12,7,0,0
540_58,0,0,1,1,1,0,1,1,0,1,1,0,0,1,0,South,Retailer,scheme2,18472,58,2888,8.86,3,0,1
541_87,1,0,0,1,1,0,0,0,0,1,0,0,0,0,0,Central,Retailer,Discount,27801,56,4755,27.5,10,0,1
542_77,0,1,1,0,1,1,1,0,0,1,0,1,0,0,1,South,Retailer,Bulk Purchase,17873,12,4011,2.61,9,1,0
543_56,1,0,1,1,1,0,0,0,1,0,1,0,0,1,0,South,Retailer,scheme2,16974,45,2932,24.21,6,0,0
544_63,0,1,1,0,0,0,0,0,1,1,0,0,0,0,0,East,Wholesaler,Bulk Purchase,18151,51,3187,17.86,2,1,1
545_23,1,1,0,0,0,1,0,1,1,1,1,0,1,1,1,North,Retailer,scheme4,18528,34,4805,-7.36,1,1,1
546_26,1,0,0,0,1,1,1,1,1,1,0,0,0,0,1,West,Retailer,Discount,18915,23,3694,-8.14,5,0,0
547_78,1,0,0,1,1,1,0,0,1,0,0,0,0,1,1,Central,Retailer,scheme2,17192,95,4550,13.39,5,0,0
548_77,1,0,1,1,0,0,1,0,0,0,1,0,0,0,1,Central,Wholesaler,Loyalty,11958,24,1968,11.91,2,0,1
549_45,0,1,0,0,1,0,1,0,0,1,1,1,1,0,0,Central,Wholesaler,scheme4,17514,33,1420,24.1,9,1,1
550_16,0,1,1,1,1,0,1,1,1,0,1,1,1,0,0,Central,Wholesaler,Loyalty,25696,6,2731,16.35,10,1,0
551_34,1,1,0,1,0,0,1,1,0,0,0,0,1,0,0,West,Retailer,scheme4,25986,11,1369,-0.77,10,1,1
552_8,1,0,1,1,1,1,1,1,0,0,0,1,1,0,1,North,Retailer,Loyalty,15590,70,4277,12.2,8,0,0
553_46,0,1,1,0,1,1,1,0,1,1,1,1,1,0,0,West,Retailer,scheme1,18835,22,1629,-3.76,3,0,0
554_93,1,1,0,0,1,0,1,0,1,0,0,1,1,1,1,West,Wholesaler,scheme4,29967,100,4096,15.37,8,1,0
555_72,1,0,0,1,0,1,0,0,0,1,0,0,0,1,0,West,Wholesaler,Bulk Purchase,20583,4,2338,8.4,1,0,0
556_43,1,0,0,0,1,1,1,0,1,0,1,0,0,0,1,South,Wholesaler,Bulk Purchase,17278,48,1388,12.59,6,0,1
557_49,1,1,0,0,1,0,0,0,1,1,0,0,1,0,0,West,Wholesaler,Loyalty,12343,100,4973,-3.61,2,0,1
558_12,0,1,0,0,1,1,1,0,0,0,0,0,0,1,0,East,Retailer,scheme3,29207,9,2232,14.21,4,1,1
559_11,1,1,1,1,0,0,1,0,0,1,1,1,1,0,1,North,Retailer,scheme3,22972,54,2685,25.69,8,0,0
560_32,0,1,1,1,0,0,1,1,1,1,1,0,1,1,1,North,Retailer,Bulk Purchase,23785,88,4077,1.35,3,0,0
561_85,1,0,0,1,0,0,1,0,1,1,1,0,1,1,0,North,Wholesaler,scheme3,20773,94,1827,29.24,5,0,1
562_76,1,0,0,0,1,0,0,0,1,0,0,1,1,1,0,North,Retailer,Loyalty,28590,50,3486,-6.69,3,0,0
563_70,0,1,0,0,0,1,1,0,1,0,0,1,0,0,1,Central,Retailer,Bulk Purchase,10729,11,2264,13.35,2,0,1
564_11,0,1,0,1,0,1,0,1,0,1,0,1,1,0,1,West,Wholesaler,scheme2,18786,31,4636,5.83,8,1,1
565_77,0,0,0,0,1,1,0,0,1,1,1,0,1,0,0,West,Retailer,scheme2,22582,39,1073,16.06,7,1,0
566_83,0,0,0,1,0,0,1,0,0,1,1,0,0,1,1,North,Retailer,Loyalty,23305,60,2307,10.34,4,1,1
567_28,0,1,0,0,1,0,0,0,1,0,1,0,0,0,1,South,Wholesaler,scheme2,13070,25,1339,16.92,0,0,0
568_36,0,1,1,0,0,0,1,1,1,1,0,0,1,0,1,East,Retailer,scheme3,24193,32,2219,26.35,2,1,1
569_88,0,0,0,1,0,0,1,0,0,1,1,1,0,0,1,East,Retailer,scheme3,15512,3,3351,1.42,3,0,0
570_55,0,1,1,0,1,0,1,0,0,0,1,0,1,1,0,North,Wholesaler,scheme1,29575,96,3438,17.29,8,0,1
571_60,0,1,1,0,0,0,0,1,1,1,0,0,0,0,0,West,Wholesaler,scheme2,17276,69,2725,1.37,10,0,1
572_22,1,0,1,1,0,0,0,1,1,1,0,0,1,1,0,East,Wholesaler,scheme4,20147,23,1053,3.48,10,0,1
573_29,1,0,1,1,0,1,0,1,0,0,0,1,1,0,1,South,Wholesaler,scheme3,14455,55,2520,12.57,4,1,1
574_55,0,0,1,0,1,0,0,1,0,0,0,1,1,0,0,South,Retailer,Bulk Purchase,16409,42,4475,7.29,7,1,0
575_59,1,1,0,0,1,0,0,1,0,0,0,0,0,1,0,South,Wholesaler,Bulk Purchase,27105,54,1572,0.08,1,1,1
576_48,0,1,1,0,1,1,0,0,1,1,0,0,0,1,0,East,Wholesaler,scheme4,13466,13,2228,0.43,1,1,1
577_51,1,0,0,0,0,0,0,0,1,1,0,1,1,0,0,North,Retailer,scheme2,15360,85,2909,1.96,9,0,0
578_39,0,0,0,1,0,0,0,0,1,1,1,0,0,0,0,North,Wholesaler,Loyalty,21179,62,4628,4.38,6,1,0
579_85,0,0,0,0,0,0,1,1,0,1,0,1,1,1,0,Central,Retailer,Loyalty,17309,39,1599,-4.67,10,0,0
580_7,0,1,1,1,0,1,0,0,1,1,0,0,1,0,0,Central,Wholesaler,scheme1,23493,34,2616,-3.95,4,1,1
581_60,1,1,1,0,1,1,0,1,0,0,0,1,0,1,0,East,Wholesaler,scheme4,14941,30,1761,-0.15,0,1,0
582_37,0,1,1,1,1,0,0,0,0,0,1,1,0,1,1,Central,Retailer,Bulk Purchase,11157,44,4005,9.04,1,1,0
583_39,1,1,1,1,0,1,0,1,1,0,1,1,1,1,1,East,Wholesaler,Bulk Purchase,26287,82,2472,3.78,6,0,1
584_95,0,0,1,1,1,0,0,0,0,0,0,1,1,0,1,South,Wholesaler,Loyalty,26126,99,2543,-9.62,6,0,0
585_21,0,1,1,0,1,1,0,1,1,1,1,1,0,1,0,East,Retailer,scheme1,24746,88,3770,-2.75,6,0,0
586_10,1,0,0,0,1,1,0,0,1,0,1,0,1,0,1,Central,Wholesaler,scheme3,15853,43,3906,-5.49,5,0,1
587_24,0,0,0,1,1,0,1,1,1,0,1,0,0,0,0,North,Wholesaler,Loyalty,13519,97,2163,21.31,3,0,0
588_10,0,0,0,0,0,1,1,0,0,0,0,0,0,0,0,Central,Retailer,scheme3,25278,18,2190,-0.82,4,1,0
589_29,1,1,0,1,0,0,0,0,0,0,0,1,0,1,0,Central,Retailer,scheme3,14864,20,1687,12.28,5,0,0
590_81,1,1,0,0,1,0,1,0,0,1,1,0,0,1,0,Central,Wholesaler,Discount,19994,91,3850,14.2,6,0,0
591_91,1,0,1,1,1,0,1,0,0,0,1,1,1,1,1,East,Wholesaler,scheme4,20742,30,1151,-9.4,8,1,0
592_97,0,1,1,1,1,0,1,0,1,1,0,1,1,0,1,West,Wholesaler,scheme1,23723,71,3855,24.31,10,0,1
593_85,0,1,0,0,0,0,0,1,0,0,0,0,0,1,1,Central,Wholesaler,Loyalty,14457,33,4017,-1.26,4,0,0
594_4,0,1,1,0,0,0,1,0,1,0,0,0,1,0,0,West,Wholesaler,scheme3,29602,69,4289,-1.59,4,1,0
595_4,1,1,1,0,1,1,0,0,1,1,1,0,0,1,0,East,Wholesaler,scheme3,28671,77,4681,17.18,9,1,0
596_83,1,0,0,0,0,0,0,1,0,0,0,1,0,0,0,South,Retailer,scheme4,11916,74,4822,8.64,5,1,1
597_22,0,1,0,0,1,1,1,0,0,1,1,0,0,1,0,East,Retailer,Bulk Purchase,12146,57,2633,1.34,2,1,1
598_13,1,1,0,0,1,1,1,0,1,0,0,0,1,1,1,West,Wholesaler,Bulk Purchase,14871,23,4202,17.59,2,0,1
599_53,0,0,0,0,1,1,0,1,0,1,0,1,0,0,0,Central,Retailer,scheme2,27067,97,3493,-5.52,2,0,0
600_1,1,1,0,0,0,1,1,0,0,0,0,1,1,0,1,South,Retailer,scheme4,19123,35,4564,4.3,1,1,0
601_89,0,0,1,0,1,1,1,0,0,0,0,1,0,1,1,West,Wholesaler,Loyalty,17578,99,1202,17.31,9,1,1
602_17,0,0,0,1,0,0,0,1,0,0,0,1,1,0,1,South,Retailer,scheme4,12350,41,2210,6.46,6,0,1
603_76,1,1,1,1,1,1,1,1,1,0,1,0,0,0,1,North,Wholesaler,scheme4,11944,76,2196,18.7,10,1,0
604_62,0,1,0,0,1,0,0,1,1,1,0,1,0,1,1,South,Retailer,scheme4,29353,6,3525,1.32,0,0,0
605_34,1,1,1,0,0,1,1,0,0,1,1,1,0,0,1,North,Retailer,scheme4,25052,57,2251,-1.81,4,0,0
606_15,0,1,1,0,1,0,0,0,1,0,1,0,1,1,0,North,Retailer,scheme4,27488,71,3483,25.69,1,1,1
607_74,0,0,1,1,0,1,0,1,1,1,0,1,1,1,0,North,Wholesaler,scheme3,23926,32,2502,-0.15,3,1,0
608_86,1,1,1,1,1,0,0,1,0,1,1,0,1,1,0,East,Retailer,Discount,24856,34,2759,9.65,7,1,0
609_54,0,1,0,0,1,0,0,1,0,0,1,0,0,1,0,Central,Retailer,scheme2,17314,1,4706,-7.15,2,0,0
610_46,1,1,0,0,0,1,0,1,0,1,1,1,0,0,1,West,Retailer,Loyalty,14974,15,1321,21.23,9,1,1
611_31,0,1,0,1,1,1,0,0,0,0,1,1,1,1,0,North,Retailer,scheme4,23064,59,3219,-6.83,3,0,0
612_15,1,1,1,1,0,1,0,1,1,1,1,1,0,1,0,North,Retailer,Discount,25336,78,1541,-5.66,1,1,1
613_4,1,0,1,1,0,0,1,1,0,1,1,1,1,1,0,South,Wholesaler,scheme1,20855,74,2665,20.55,6,1,0
614_53,1,0,0,1,0,0,0,0,0,1,1,1,1,1,1,Central,Retailer,scheme1,29647,12,2472,4.21,8,0,0
615_57,1,1,1,1,0,1,1,1,0,1,0,0,1,0,1,North,Retailer,scheme1,27382,100,2827,0.26,3,1,1
616_63,0,0,1,1,0,1,1,0,0,0,0,1,1,0,1,East,Retailer,Discount,14643,38,1091,-8.61,4,0,0
617_93,0,1,0,0,0,0,1,1,0,0,1,1,1,1,1,South,Retailer,Discount,10448,81,1242,22.18,4,1,1
618_67,0,0,1,0,1,1,0,1,0,0,0,0,0,0,0,Central,Wholesaler,Loyalty,13851,72,1427,1.17,3,0,0
619_22,1,1,0,0,0,1,1,1,1,0,0,0,1,1,0,South,Retailer,Bulk Purchase,11530,90,4124,27.41,10,1,1
620_95,1,1,0,0,1,1,1,1,1,1,1,1,1,0,0,North,Wholesaler,scheme1,12614,94,1861,7.71,8,0,1
621_84,1,0,1,0,1,1,0,0,0,0,0,0,0,1,1,West,Wholesaler,Bulk Purchase,24360,39,2326,26.87,0,1,1
622_65,0,1,0,0,0,0,0,1,1,0,0,1,0,0,1,North,Retailer,Bulk Purchase,17150,64,3135,15.65,3,0,0
623_58,1,0,0,0,1,0,0,0,1,0,0,0,0,0,1,North,Wholesaler,Discount,17558,43,1792,24.46,1,0,1
624_35,0,1,0,0,1,0,0,1,1,1,1,1,1,0,1,South,Wholesaler,Bulk Purchase,20797,35,3377,9.33,9,0,0
625_89,0,1,1,0,0,1,0,1,0,1,1,1,0,0,1,East,Wholesaler,Discount,17711,14,1460,-0.52,8,1,1
626_36,0,0,0,0,0,1,1,0,1,0,0,1,1,0,0,North,Wholesaler,Bulk Purchase,23175,89,3692,16.71,9,0,1
627_15,1,0,1,1,1,1,1,0,1,0,0,0,0,1,0,West,Wholesaler,Loyalty,12356,21,4482,18.69,5,0,1
628_20,0,0,1,1,0,0,1,0,0,0,0,1,1,0,1,West,Retailer,Discount,29503,55,4264,0.98,5,1,1
629_76,0,0,1,1,0,0,1,0,1,0,1,0,1,0,0,West,Retailer,Discount,23751,5,4583,15.5,1,0,1
630_48,0,0,0,1,0,0,0,0,1,1,1,1,1,1,0,West,Retailer,scheme1,16181,100,2352,23.66,7,0,1
631_58,1,0,0,1,1,1,0,1,0,0,1,0,1,1,1,West,Wholesaler,Discount,11735,50,2106,-0.41,9,0,1
632_54,1,1,0,1,0,1,1,1,0,0,0,0,1,1,0,North,Wholesaler,scheme2,23632,30,4362,20.43,4,1,1
633_92,1,1,1,1,1,1,0,1,0,0,1,0,0,1,1,North,Retailer,Discount,28298,28,3640,26.76,6,0,1
634_18,0,0,1,1,1,0,0,0,0,0,0,0,1,1,0,North,Retailer,Bulk Purchase,27627,6,4786,5.3,10,0,0
635_77,1,0,1,1,1,0,0,0,1,1,0,1,0,1,0,North,Wholesaler,scheme4,13045,36,3441,-2.33,10,1,0
636_78,1,0,0,1,1,0,1,0,1,0,1,1,1,1,0,Central,Retailer,scheme4,23737,16,1187,8.05,3,1,1
637_89,0,0,0,0,1,1,1,1,1,0,1,1,0,1,1,West,Retailer,scheme3,18653,62,1893,24.19,9,0,0
638_61,1,0,1,0,0,1,0,0,0,0,0,1,0,0,0,South,Wholesaler,scheme4,23562,62,3338,-1.12,0,1,1
639_33,0,1,0,1,1,1,1,1,1,1,1,1,0,0,1,North,Wholesaler,Bulk Purchase,15621,30,4750,5.94,6,1,0
640_30,1,0,1,0,0,0,0,0,1,1,1,0,1,0,1,Central,Retailer,scheme1,19507,9,4403,-6.49,0,1,1
641_61,1,0,0,0,0,0,0,1,0,0,1,1,0,0,0,East,Retailer,Bulk Purchase,25283,7,3307,-9.47,7,1,1
642_36,1,1,1,1,1,1,1,0,0,1,1,0,1,1,0,South,Retailer,scheme4,19969,62,3149,-9.3,3,1,1
643_65,0,1,1,0,0,1,0,0,1,1,1,0,1,0,0,West,Wholesaler,scheme2,11439,81,4843,15.25,3,1,0
644_36,1,0,1,0,1,0,1,1,0,1,0,0,0,1,1,North,Wholesaler,scheme1,12136,44,3751,-6.68,0,0,1
645_61,0,0,0,1,1,1,0,1,1,1,0,0,0,0,0,West,Retailer,scheme1,21461,42,2697,7.45,2,1,1
646_98,1,0,1,0,1,1,0,0,0,0,1,0,0,0,1,West,Retailer,Loyalty,29179,74,4010,28.78,3,0,1
647_86,0,0,0,0,1,0,1,1,1,0,1,0,1,1,0,East,Wholesaler,scheme4,26276,60,4574,26.54,8,0,1
648_70,0,1,0,1,1,0,0,1,1,1,0,0,0,0,1,West,Retailer,scheme4,28495,47,4385,-4.76,8,0,0
649_5,1,0,0,1,1,1,0,0,1,1,1,0,1,0,1,South,Wholesaler,scheme2,26364,1,3924,-4.45,0,0,1
650_2,0,1,0,0,0,1,1,1,0,1,1,1,1,1,1,North,Wholesaler,Discount,15313,33,3887,10.79,3,0,0
651_92,0,0,0,0,1,0,0,1,0,0,0,1,0,0,0,East,Wholesaler,Discount,29717,54,3451,-2.19,7,1,1
652_65,1,1,0,1,1,0,0,0,0,0,0,1,1,1,1,East,Retailer,scheme2,16661,14,3214,22.14,1,1,0
653_20,0,0,0,1,0,1,0,1,0,0,1,1,1,1,0,South,Wholesaler,scheme1,24950,47,2798,6.19,3,0,1
654_54,1,1,1,1,0,1,1,0,1,0,0,1,1,0,1,East,Wholesaler,scheme3,10658,59,2342,15.66,4,0,1
655_89,1,1,1,1,0,0,1,1,0,0,1,0,1,1,0,East,Retailer,Loyalty,23998,83,3753,26.12,5,0,0
656_49,0,0,1,0,0,1,0,0,1,0,1,0,1,1,0,East,Retailer,scheme3,10608,46,4453,-8.81,8,0,0
657_77,0,1,0,0,1,1,0,1,0,1,0,0,0,0,1,West,Wholesaler,Loyalty,23201,4,3143,-0.44,10,1,1
658_78,0,0,1,1,1,1,1,0,1,0,0,1,1,1,0,East,Wholesaler,Loyalty,10966,59,2180,-1.69,4,0,1
659_82,1,0,1,1,0,0,1,0,0,0,0,0,0,0,0,West,Wholesaler,Bulk Purchase,13173,55,1554,20.73,2,1,0
660_80,1,0,0,1,1,1,0,1,1,0,1,1,0,0,0,East,Wholesaler,Loyalty,16403,47,4043,-7.44,9,0,0
661_12,0,0,0,0,1,0,0,0,0,1,1,1,0,1,1,East,Retailer,Bulk Purchase,16999,54,4705,24.83,2,0,1
662_18,0,0,1,1,1,1,1,0,1,1,0,1,1,0,1,North,Wholesaler,scheme2,16401,1,2034,17.79,9,1,1
663_34,1,0,1,0,1,1,0,0,0,1,1,0,0,0,0,West,Retailer,Discount,14366,12,4054,-2.42,6,0,0
664_9,0,1,1,0,0,1,1,1,0,0,0,0,0,1,0,West,Wholesaler,scheme1,16695,90,2504,1.29,6,1,0
665_42,0,0,1,0,0,1,1,1,0,0,1,1,1,0,0,North,Retailer,Bulk Purchase,24508,37,4281,-4.56,4,1,1
666_52,0,0,0,0,0,1,1,0,0,0,1,1,1,1,0,West,Retailer,scheme2,13442,44,1494,-9.82,10,1,1
667_75,1,0,1,1,1,1,1,0,1,0,1,1,0,0,1,South,Retailer,Bulk Purchase,23479,67,2812,27.43,2,0,0
668_65,0,0,1,0,0,1,0,0,1,0,1,1,0,1,1,North,Retailer,scheme4,18650,99,3564,11.45,6,0,0
669_75,0,0,1,0,0,1,0,1,1,1,0,1,1,1,0,Central,Retailer,scheme4,19014,40,3146,20.29,3,1,0
670_49,1,0,0,0,0,0,1,0,0,1,0,0,1,0,1,Central,Wholesaler,scheme2,13919,55,3320,0.76,5,0,1
671_96,0,0,1,1,1,0,0,1,1,1,1,0,0,0,1,North,Retailer,Loyalty,15231,30,4997,27.71,4,0,1
672_15,1,0,1,1,0,0,0,1,0,0,0,1,0,1,0,East,Retailer,scheme2,17320,63,2430,-6.45,4,1,0
673_45,1,0,1,1,0,1,1,0,1,0,0,1,0,1,0,East,Wholesaler,scheme4,16096,45,1917,11.68,4,0,1
674_49,1,1,0,0,1,1,1,1,1,1,1,0,1,0,0,North,Retailer,scheme4,23240,21,2888,-5.68,10,1,0
675_8,0,1,0,0,0,1,0,0,1,0,0,0,0,1,1,East,Wholesaler,Discount,21586,36,1664,-1.59,0,1,1
676_73,1,1,1,0,1,1,0,1,1,0,0,1,0,1,1,East,Retailer,scheme1,19989,75,2532,6.58,4,1,0
677_45,0,0,0,1,0,1,0,0,0,0,0,0,1,1,0,West,Retailer,Loyalty,22320,71,1964,-5.96,0,1,1
678_87,1,0,1,1,1,1,0,0,1,0,0,0,0,0,0,West,Wholesaler,scheme4,26747,92,1616,27.66,6,1,0
679_49,0,1,1,1,0,1,1,1,1,1,0,1,1,1,1,East,Retailer,scheme4,15354,30,4542,8.12,8,1,0
680_26,1,1,1,0,1,0,0,0,0,0,1,0,0,1,0,South,Wholesaler,Loyalty,28924,81,2814,25.53,1,0,1
681_22,0,1,0,0,1,1,1,1,0,0,1,0,0,1,0,North,Retailer,scheme2,26489,75,4743,28.07,1,1,0
682_84,0,1,0,1,1,0,0,0,1,0,1,1,1,0,0,Central,Wholesaler,scheme4,29450,67,1186,0.64,6,0,0
683_80,0,1,1,1,0,1,1,1,1,0,0,0,0,0,0,East,Wholesaler,scheme1,28266,28,2159,-5.34,6,0,1
684_60,0,1,1,0,0,1,0,0,0,1,1,0,1,1,1,East,Retailer,scheme2,16897,77,4570,-7.83,5,0,1
685_44,1,0,1,1,1,1,1,1,1,1,1,1,1,0,1,West,Retailer,scheme1,23529,99,1406,0.22,7,0,1
686_55,1,1,1,1,0,0,0,0,1,1,1,1,1,1,1,West,Wholesaler,scheme4,29117,18,1105,26.91,10,1,0
687_1,1,1,1,1,1,0,1,0,1,0,0,0,1,0,1,Central,Retailer,scheme2,12990,85,1762,15.84,3,1,1
688_45,1,1,0,0,0,0,0,0,1,0,1,0,1,0,1,West,Wholesaler,scheme1,15080,75,4310,6.88,7,1,0
689_34,0,0,0,1,1,1,1,1,1,1,0,0,1,0,0,South,Retailer,scheme3,26008,30,4704,26.43,7,1,1
690_68,1,0,1,1,1,0,1,0,1,0,0,0,0,0,0,West,Retailer,Loyalty,16146,29,1922,-1.25,0,0,0
691_85,1,0,1,1,1,0,1,0,1,1,1,1,1,1,0,East,Retailer,Loyalty,26286,91,2179,-5.9,2,1,0
692_44,1,1,0,1,1,0,1,0,0,1,1,0,0,1,1,Central,Wholesaler,scheme2,16670,28,1602,14.43,2,1,0
693_79,0,1,1,0,1,1,0,0,1,0,0,0,1,1,0,East,Wholesaler,Loyalty,23145,52,4915,15.97,0,0,1
694_25,0,0,0,0,1,0,0,1,1,1,0,1,1,1,1,Central,Wholesaler,scheme1,10916,13,2543,3.57,8,1,1
695_79,0,0,1,0,0,0,1,0,0,0,0,1,1,1,0,East,Retailer,Loyalty,24244,59,1524,-5.55,9,0,1
696_29,0,1,0,0,0,1,1,1,0,0,1,1,1,0,1,Central,Retailer,Loyalty,17302,5,4065,27.12,0,1,1
697_55,1,0,0,0,0,0,0,1,1,0,0,0,1,0,0,East,Retailer,scheme1,19017,91,2128,29.58,0,0,1
698_55,0,0,1,1,1,1,1,0,1,0,1,0,1,1,1,Central,Retailer,Discount,22591,84,1152,16.51,4,1,0
699_8,1,0,1,0,0,1,0,0,1,1,1,1,1,1,0,South,Retailer,Loyalty,20192,4,3658,6.73,9,0,1
700_70,0,0,0,1,1,0,1,0,0,0,1,1,1,0,1,West,Wholesaler,Loyalty,11778,33,2537,22.72,7,0,1
701_32,0,0,0,0,1,1,0,1,1,0,0,1,0,1,0,West,Wholesaler,Discount,11136,76,1438,21.87,4,0,1
702_32,0,1,1,0,0,0,1,1,1,0,1,0,1,1,1,South,Wholesaler,scheme3,22786,25,1708,4.11,5,1,1
703_22,0,0,0,1,0,0,0,0,1,1,0,0,0,1,1,Central,Wholesaler,Bulk Purchase,18735,35,3973,-0.59,0,1,0
704_84,0,0,1,0,0,0,1,0,1,1,1,1,0,1,0,East,Wholesaler,scheme2,19566,53,4698,10.17,4,1,0
705_79,0,1,1,0,0,1,1,1,0,1,1,0,0,0,1,West,Retailer,scheme1,20674,25,3816,13.22,9,0,0
706_16,1,0,1,0,0,0,0,1,1,1,1,0,0,0,1,Central,Retailer,Bulk Purchase,17503,93,4001,18.31,5,0,1
707_53,0,0,0,1,0,0,1,1,0,1,1,1,1,1,1,North,Wholesaler,scheme3,19265,4,2393,-5.6,0,1,1
708_58,1,0,1,0,1,1,1,1,0,0,1,0,1,0,0,South,Retailer,Loyalty,22786,83,2966,17.99,4,0,0
709_61,1,1,1,0,1,0,0,1,0,0,1,0,1,0,1,West,Wholesaler,scheme4,26338,65,2070,10.34,3,0,1
710_70,1,1,1,0,0,1,0,1,0,1,1,0,1,0,1,West,Wholesaler,scheme2,28188,3,1167,25.59,10,0,0
711_58,0,1,0,0,0,1,0,1,1,1,1,1,0,1,1,South,Wholesaler,scheme1,20288,44,2614,5.26,8,0,0
712_59,0,0,1,1,1,0,0,0,1,1,1,0,0,0,1,North,Retailer,Bulk Purchase,21964,3,3982,2.99,1,0,1
713_97,0,0,1,0,0,0,1,0,0,1,0,0,1,1,0,North,Retailer,scheme2,23423,51,1163,29.87,9,0,0
714_70,0,1,1,0,1,0,0,0,0,1,1,1,0,1,1,West,Wholesaler,scheme1,28460,57,4429,12.23,0,1,1
715_75,0,0,0,0,1,1,1,0,1,0,1,0,1,1,0,North,Retailer,Discount,29511,46,4562,3.08,7,1,0
716_83,0,0,1,0,1,1,1,0,0,0,0,1,0,1,0,South,Wholesaler,Bulk Purchase,26580,67,1805,-3.7,10,0,0
717_43,0,0,0,1,0,1,0,1,1,0,1,0,0,0,1,East,Retailer,scheme4,16999,19,1842,16.34,10,1,1
718_83,1,1,0,0,0,1,0,1,0,1,0,1,0,0,1,North,Wholesaler,scheme2,13723,36,1314,29.01,4,1,0
719_96,1,0,1,1,0,0,0,0,0,0,1,0,1,0,0,West,Wholesaler,scheme1,14340,67,1051,5.69,8,0,0
720_76,0,1,1,0,0,1,0,1,1,0,1,1,1,0,1,East,Wholesaler,Bulk Purchase,26667,64,3747,16.47,5,0,0
721_10,0,0,1,0,0,0,0,1,1,1,1,0,0,1,0,West,Wholesaler,scheme2,15786,16,2922,11.03,0,1,1
722_81,0,1,0,0,1,1,0,1,1,0,1,1,1,0,1,East,Retailer,scheme4,21533,54,4878,6.86,3,0,0
723_72,0,1,1,0,1,1,1,1,0,0,0,1,0,0,0,West,Wholesaler,scheme4,25279,76,1196,-8.57,6,1,0
724_74,1,0,1,1,0,1,1,1,0,1,1,0,1,0,0,East,Wholesaler,Bulk Purchase,19764,81,2527,1.92,5,0,0
725_86,1,0,0,0,1,1,0,0,1,1,0,1,1,0,1,North,Wholesaler,Loyalty,10782,36,2275,27.47,7,1,0
726_2,0,0,1,1,1,0,1,1,0,1,1,1,1,0,0,North,Wholesaler,scheme2,18009,12,3834,7.47,3,0,1
727_57,1,0,0,0,1,0,1,1,1,0,0,1,0,0,1,East,Wholesaler,scheme3,17195,72,3097,10.52,8,1,0
728_90,1,0,1,0,1,0,0,1,1,0,0,0,1,1,1,East,Wholesaler,scheme4,16843,12,3289,-1.5,2,0,1
729_69,0,1,1,1,1,0,0,0,0,1,0,0,1,1,1,West,Retailer,scheme4,23369,94,3716,1.17,7,0,0
730_6,1,0,0,0,1,1,0,0,1,1,1,1,0,1,0,South,Retailer,scheme4,27308,87,4667,21.95,1,1,1
731_15,0,1,0,0,0,0,0,0,0,0,1,0,1,0,0,North,Retailer,Bulk Purchase,10596,13,3627,29.79,6,1,0
732_53,0,1,0,1,1,1,0,0,0,0,0,0,1,1,1,East,Retailer,Discount,15402,39,3186,6.87,2,0,0
733_47,0,1,0,0,0,1,1,0,1,0,1,0,1,1,1,Central,Retailer,Bulk Purchase,14344,28,1667,5.3,6,0,1
734_72,1,1,1,0,1,0,1,1,0,1,0,1,1,0,0,North,Retailer,scheme1,23530,69,1076,28.15,2,1,1
735_74,0,1,0,1,1,1,1,1,1,1,0,0,0,0,1,Central,Wholesaler,Loyalty,25731,87,2382,11.72,10,0,1
736_92,0,1,1,0,1,0,1,1,0,0,0,0,1,1,1,West,Retailer,Loyalty,17917,2,1272,-0.36,5,0,1
737_65,0,0,0,0,0,0,0,1,1,0,0,0,0,0,0,North,Wholesaler,scheme1,28237,84,4481,17.92,0,1,1
738_32,1,0,0,0,0,0,1,1,1,0,0,0,0,1,0,Central,Wholesaler,scheme4,25782,88,3618,7.12,10,1,1
739_56,1,1,0,0,1,1,0,0,1,0,1,1,1,0,0,North,Retailer,scheme3,11825,78,3268,10.6,9,0,1
740_49,1,0,1,0,0,1,0,0,1,1,1,1,0,1,1,North,Retailer,Bulk Purchase,18835,7,4537,3.64,0,1,0
741_93,0,1,1,1,1,1,1,1,1,0,1,0,0,1,1,South,Retailer,scheme1,10553,2,2369,1.11,7,1,1
742_97,1,0,0,1,0,1,0,0,0,1,1,0,0,1,1,North,Retailer,scheme4,25835,48,2584,7.8,8,0,0
743_20,0,0,0,0,0,0,1,1,1,0,1,1,1,1,0,North,Retailer,scheme1,22328,63,1973,24.98,6,1,1
744_95,0,1,0,0,1,0,0,0,1,0,1,0,0,1,0,Central,Retailer,scheme3,11427,28,1891,13.24,3,1,0
745_53,1,1,0,1,1,0,1,1,1,1,0,1,1,1,1,West,Retailer,scheme3,16856,17,2623,9.0,0,0,1
746_39,1,1,0,1,0,0,1,1,0,1,1,1,0,1,1,West,Wholesaler,scheme2,16134,63,1627,21.49,5,1,1
747_59,1,1,0,1,1,1,1,1,0,0,1,1,1,0,0,West,Retailer,scheme3,26829,97,4976,29.12,3,0,1
748_71,0,1,0,1,0,0,1,1,0,1,1,1,1,1,1,Central,Wholesaler,Bulk Purchase,15220,78,1512,12.35,8,0,1
749_55,0,1,0,0,0,1,0,1,1,1,0,1,0,0,1,North,Wholesaler,scheme4,21674,20,1042,22.09,3,1,1
750_98,1,0,1,1,0,1,0,1,1,1,0,1,1,1,0,East,Retailer,Discount,24318,2,2943,15.59,3,0,0
751_4,0,1,1,0,1,1,0,1,0,0,1,1,0,1,0,Central,Retailer,scheme1,16023,76,4682,-0.67,9,0,0
752_11,0,1,0,1,0,1,1,0,0,0,1,0,1,1,1,North,Wholesaler,Bulk Purchase,13818,63,1217,-4.19,0,1,0
753_56,0,1,0,1,1,0,0,0,1,0,0,0,0,1,1,Central,Retailer,Loyalty,11135,25,2280,-3.4,4,1,1
754_53,0,0,0,1,0,1,1,0,0,1,0,0,1,0,0,West,Retailer,Discount,25784,59,4681,16.42,7,1,0
755_52,0,1,0,1,1,1,1,0,1,1,0,1,0,1,1,East,Wholesaler,Loyalty,15061,2,2749,7.14,3,1,1
756_18,0,1,0,0,0,0,0,1,1,1,1,0,1,0,1,South,Wholesaler,Bulk Purchase,12822,17,3736,16.69,5,0,0
757_13,1,0,1,0,1,0,0,1,0,1,0,0,0,1,0,South,Retailer,scheme2,11664,85,4159,14.9,10,0,1
758_94,0,1,0,1,1,1,0,0,1,1,0,0,0,1,1,North,Retailer,Discount,14745,30,2181,-8.17,8,1,1
759_97,0,0,1,1,0,1,0,0,1,1,0,0,0,1,0,Central,Retailer,Discount,26442,22,2952,-3.4,4,0,1
760_68,0,0,1,1,1,0,1,0,0,1,0,0,1,1,1,West,Wholesaler,Loyalty,26993,3,2968,9.88,0,1,1
761_61,0,0,0,0,1,0,0,1,0,1,0,1,1,1,0,North,Retailer,scheme2,23685,10,2020,3.96,6,0,1
762_70,1,0,1,1,1,1,0,0,0,1,1,1,0,0,1,South,Wholesaler,Discount,16942,95,4158,19.64,1,0,1
763_27,0,1,0,0,1,0,0,1,1,1,0,0,0,0,0,Central,Wholesaler,scheme4,28611,48,1481,-1.34,8,0,0
764_6,1,1,0,0,0,0,1,1,0,0,1,1,0,0,1,East,Retailer,Loyalty,15345,40,4697,26.19,0,1,1
765_44,1,0,1,1,1,0,1,0,1,0,0,1,1,1,0,East,Retailer,scheme3,20495,15,4850,-7.23,8,0,1
766_75,1,1,1,1,1,0,1,0,0,0,1,1,0,1,1,East,Wholesaler,scheme3,24500,73,2007,-3.47,3,0,1
767_15,0,0,0,0,1,0,0,1,1,0,0,0,0,1,1,North,Wholesaler,scheme2,12039,47,1720,-8.34,2,1,0
768_23,1,1,0,1,0,0,1,1,0,0,0,0,1,0,0,West,Retailer,scheme1,16298,100,1236,4.16,7,0,1
769_46,0,0,1,0,0,0,1,1,0,0,1,0,0,1,0,North,Wholesaler,scheme1,26064,76,2056,-8.13,8,1,0
770_43,0,0,0,1,0,0,0,1,0,0,1,0,1,0,0,South,Retailer,Loyalty,24086,44,4117,22.78,4,0,0
771_80,0,0,1,1,0,1,0,0,1,0,0,0,0,1,1,Central,Wholesaler,Loyalty,11695,1,4148,10.04,3,1,0
772_3,0,1,0,1,0,1,1,0,0,1,0,0,0,1,0,West,Wholesaler,Loyalty,12838,46,4685,5.17,10,0,0
773_34,0,1,0,0,0,1,1,0,0,0,0,1,0,1,1,North,Wholesaler,scheme2,28571,87,3035,20.69,4,1,1
774_35,1,0,1,1,0,0,1,0,0,0,1,1,1,1,1,South,Wholesaler,Bulk Purchase,12178,85,3876,29.44,4,1,0
775_43,0,0,0,1,0,1,1,0,0,0,0,1,1,0,0,Central,Retailer,Bulk Purchase,19625,39,4221,-2.07,4,0,0
776_71,0,1,1,1,1,1,1,0,0,0,1,0,1,1,0,West,Retailer,scheme1,15737,57,4363,16.73,7,1,1
777_25,1,1,0,0,1,1,0,0,1,0,1,1,1,0,0,East,Wholesaler,Discount,27564,13,2785,-0.01,0,1,1
778_36,0,1,0,0,1,0,0,0,0,1,0,1,1,0,1,East,Wholesaler,scheme3,15571,100,2782,9.65,2,0,0
779_34,0,0,0,0,0,1,0,0,0,1,0,0,0,1,0,Central,Wholesaler,scheme1,13276,78,2117,-3.7,4,0,1
780_82,0,1,1,0,1,1,0,0,1,0,1,1,1,0,1,North,Wholesaler,scheme3,19796,14,3665,3.35,0,0,1
781_46,0,1,1,0,1,0,0,1,1,0,0,0,1,0,0,West,Retailer,scheme4,15001,88,4934,29.55,10,1,1
782_94,1,1,1,1,1,1,1,1,1,0,0,0,1,0,0,West,Retailer,scheme4,18230,92,4901,7.0,10,0,1
783_98,0,0,0,0,1,1,1,0,0,1,0,0,0,1,1,North,Wholesaler,scheme1,26249,24,2112,26.24,5,0,1
784_48,1,1,0,1,0,1,0,1,0,1,0,0,0,1,1,West,Wholesaler,scheme2,24229,75,3405,13.15,8,1,1
785_76,1,1,0,1,1,0,1,0,0,1,1,0,1,0,0,North,Retailer,scheme1,27825,95,2164,28.26,5,1,1
786_65,0,1,1,0,1,0,0,1,1,1,0,0,1,1,1,Central,Retailer,scheme1,25502,57,1925,23.52,10,0,1
787_13,1,0,1,0,1,1,1,0,0,1,1,0,0,0,0,Central,Retailer,Loyalty,26205,11,2975,13.87,2,0,0
788_98,1,1,1,0,1,0,0,1,0,1,0,0,1,0,0,South,Retailer,Discount,24229,2,1850,-3.64,0,1,1
789_52,0,0,0,0,1,1,1,0,0,1,1,0,1,1,1,South,Retailer,Bulk Purchase,14974,100,4942,13.84,4,1,0
790_90,0,0,0,1,0,1,0,1,0,0,0,0,0,1,0,North,Wholesaler,Loyalty,16640,63,2620,6.79,1,1,0
791_7,1,0,1,1,0,1,1,0,0,1,1,1,1,0,0,West,Wholesaler,Bulk Purchase,26393,81,1789,27.64,2,0,1
792_38,0,0,1,1,0,1,0,0,1,0,1,0,0,1,0,South,Wholesaler,Bulk Purchase,19350,79,2596,29.05,5,1,1
793_50,1,1,0,0,1,0,1,1,1,1,0,0,0,1,0,North,Retailer,Loyalty,15988,52,2520,4.27,0,0,0
794_90,0,0,1,1,0,1,0,0,0,0,0,0,0,0,1,North,Retailer,scheme1,26341,74,3361,19.81,2,1,1
795_90,0,0,1,0,0,1,0,1,1,1,0,0,0,0,0,West,Retailer,scheme3,25605,70,2004,-1.78,6,1,0
796_28,0,1,0,1,1,0,1,0,1,1,0,1,0,1,0,North,Wholesaler,scheme3,11995,83,3473,16.24,10,0,1
797_96,0,0,1,0,0,1,1,1,1,0,1,1,1,1,0,North,Retailer,scheme4,15642,46,4157,12.35,5,1,0
798_75,0,0,0,0,0,1,0,0,1,0,0,1,0,0,1,South,Retailer,Discount,18451,59,2250,18.81,8,0,0
799_44,0,1,1,0,0,0,1,1,1,0,0,0,1,1,0,East,Retailer,Discount,24925,51,1042,19.62,2,0,0
800_94,1,0,0,0,0,0,1,1,1,1,1,1,1,0,1,South,Wholesaler,scheme1,17893,98,1449,6.15,7,0,0
801_92,0,0,1,1,0,1,1,0,0,1,1,0,0,1,1,North,Retailer,scheme3,27134,63,4432,20.25,10,0,1
802_15,1,0,0,1,0,1,0,1,1,1,0,1,0,1,1,East,Retailer,Discount,23483,56,3945,20.09,8,1,0
803_55,1,1,1,1,1,1,1,1,1,0,0,0,1,0,1,East,Wholesaler,scheme4,14255,95,2992,26.58,10,0,1
804_52,1,1,1,0,0,0,1,0,0,0,0,1,0,0,0,East,Wholesaler,Bulk Purchase,25786,62,3924,1.16,2,0,0
805_79,0,1,0,0,1,0,0,1,0,1,1,0,1,1,1,East,Retailer,scheme4,20954,40,4881,19.08,10,0,0
806_47,0,0,1,0,1,1,0,0,0,1,0,1,0,1,1,East,Retailer,scheme3,24621,41,4973,3.81,6,0,0
807_86,1,0,1,1,1,1,1,0,1,0,0,1,0,1,1,Central,Wholesaler,scheme3,10888,6,1600,17.77,1,1,1
808_78,1,0,0,0,1,0,1,0,1,0,0,0,1,0,0,East,Wholesaler,Loyalty,25887,67,1229,4.09,10,0,1
809_33,0,1,0,0,0,1,0,1,0,1,0,0,0,0,1,North,Wholesaler,Discount,11990,9,1386,28.79,3,0,0
810_49,1,0,0,1,0,1,1,0,1,1,0,1,0,1,0,West,Wholesaler,scheme4,11565,28,2570,27.74,6,0,1
811_10,0,1,0,0,0,1,1,0,0,0,1,1,0,1,1,South,Retailer,Loyalty,20968,30,1675,17.35,6,1,1
812_59,1,1,0,0,1,1,0,1,0,0,1,1,0,1,0,North,Wholesaler,Loyalty,27174,30,2989,19.03,4,0,0
813_30,0,0,0,0,0,0,0,0,0,0,0,1,0,1,0,North,Wholesaler,scheme2,29682,75,2295,25.09,2,1,1
814_58,0,1,0,0,1,0,1,0,0,0,1,1,1,0,0,North,Wholesaler,scheme2,14792,72,3646,12.52,3,1,0
815_29,0,1,1,1,1,0,1,0,0,0,0,1,1,1,1,West,Wholesaler,scheme4,10465,70,2102,-4.73,9,0,0
816_86,1,0,0,1,0,1,0,0,1,0,1,1,0,1,1,East,Wholesaler,Discount,15741,70,3355,17.68,9,0,1
817_83,1,0,1,0,0,1,0,1,1,1,1,1,1,0,1,South,Wholesaler,scheme4,12333,45,2561,17.18,8,1,1
818_32,0,1,1,1,1,1,0,0,0,0,0,1,1,0,0,East,Retailer,Loyalty,29743,85,4228,9.82,7,1,1
819_3,1,1,0,0,1,1,0,1,1,0,1,1,0,1,0,North,Wholesaler,Bulk Purchase,22042,94,4568,-0.32,7,1,0
820_6,0,1,1,1,1,1,1,1,1,0,0,1,1,1,1,West,Retailer,Discount,12393,14,4470,23.67,2,1,1
821_49,1,1,0,1,0,1,0,1,0,0,1,0,1,0,0,Central,Wholesaler,Discount,27550,65,3610,1.46,1,0,1
822_35,0,0,1,0,1,1,0,1,1,1,1,1,1,0,1,West,Retailer,Discount,29964,89,3579,-5.14,0,1,1
823_97,1,0,0,0,1,0,1,0,0,0,1,0,0,1,1,North,Wholesaler,scheme1,22731,81,4995,24.92,0,1,1
824_25,1,1,1,1,0,1,0,0,0,1,0,1,0,0,0,Central,Wholesaler,scheme3,11586,73,3835,5.78,1,0,0
825_64,0,1,1,1,1,0,1,1,0,0,0,0,0,0,0,East,Retailer,scheme1,28024,18,3651,20.26,8,1,0
826_11,1,0,1,1,0,1,1,1,0,0,1,1,1,0,1,West,Wholesaler,scheme4,28715,65,2953,21.49,9,0,0
827_8,0,1,1,1,1,1,1,1,1,0,0,0,1,0,1,South,Wholesaler,scheme3,19324,43,2316,14.48,4,0,0
828_81,0,0,1,0,1,0,1,0,1,0,1,0,1,0,1,Central,Retailer,scheme3,29617,1,2902,-5.02,2,0,1
829_29,0,1,0,0,1,0,0,1,1,1,1,0,1,0,0,Central,Retailer,Bulk Purchase,11298,8,4210,5.86,10,1,1
830_94,1,1,0,0,0,0,1,1,1,0,1,0,1,0,0,Central,Retailer,scheme1,22494,79,3223,20.74,8,1,0
831_20,1,1,0,1,1,1,0,0,0,1,0,1,0,0,1,East,Wholesaler,Discount,25314,67,2345,10.8,3,1,1
832_62,0,0,0,0,0,1,1,0,1,0,0,0,1,1,1,North,Wholesaler,Loyalty,16907,8,1132,2.38,9,1,1
833_88,0,0,0,1,0,0,0,1,0,1,0,0,1,0,0,West,Retailer,scheme1,19795,91,3820,-1.52,10,0,1
834_93,1,0,0,1,0,0,0,1,0,1,0,0,1,1,1,East,Wholesaler,Discount,20895,35,4936,12.35,6,1,0
835_31,0,1,1,1,1,1,0,0,1,0,1,1,1,0,0,West,Retailer,scheme4,23685,39,2861,12.07,5,1,1
836_41,1,0,0,0,0,0,0,1,1,0,1,0,0,1,0,West,Retailer,scheme1,20971,21,4799,-0.3,7,0,1
837_12,1,0,1,1,0,1,1,1,0,1,0,1,0,1,0,South,Wholesaler,scheme1,13190,27,4455,20.29,6,0,1
838_24,0,1,0,0,1,0,1,1,0,1,0,1,1,1,0,North,Wholesaler,scheme4,22948,10,3225,-0.81,8,1,1
839_82,0,1,0,1,1,1,1,0,0,0,1,1,0,0,0,South,Wholesaler,Bulk Purchase,11431,40,1200,1.23,8,0,1
840_16,0,0,1,0,0,0,0,0,0,0,0,1,1,1,0,South,Wholesaler,Discount,14781,55,1723,19.72,1,0,1
841_23,1,0,1,0,1,0,1,1,1,0,1,1,1,1,1,South,Wholesaler,Discount,19166,58,4539,16.88,1,1,0
842_42,0,1,0,1,1,1,1,1,0,0,1,0,0,1,0,West,Retailer,scheme3,22911,41,4910,25.69,3,1,0
843_57,1,1,0,1,0,1,0,0,1,1,0,1,0,1,0,East,Retailer,Loyalty,13518,75,2830,1.9,2,0,0
844_7,0,1,0,1,1,0,1,0,1,0,1,1,0,1,1,East,Wholesaler,scheme4,23832,91,2768,25.81,8,1,0
845_75,1,0,1,1,1,1,1,1,0,0,1,1,1,1,1,East,Retailer,Bulk Purchase,12976,70,4706,5.31,5,0,0
846_84,1,0,0,1,1,1,1,0,0,1,1,1,1,1,1,South,Retailer,Discount,16985,7,3470,-7.29,8,1,0
847_81,0,1,1,1,1,1,0,1,1,1,0,0,0,0,0,East,Wholesaler,scheme1,22688,78,3950,-8.65,3,1,0
848_88,1,0,0,0,0,0,0,1,0,1,1,0,0,1,0,West,Wholesaler,Discount,18627,23,4434,29.51,5,0,1
849_84,0,1,0,1,1,0,0,0,1,0,0,0,1,1,0,South,Retailer,Loyalty,24590,62,2265,-3.71,10,1,1
850_72,0,1,1,1,1,1,0,0,0,0,1,1,1,1,1,Central,Wholesaler,Loyalty,13042,15,1850,1.27,8,0,1
851_21,0,1,1,0,0,0,0,1,1,1,1,1,1,0,1,East,Wholesaler,Discount,13744,66,1255,9.85,10,0,1
852_49,1,0,1,0,0,1,1,0,0,0,0,1,1,0,1,West,Wholesaler,scheme3,25538,34,2799,-7.8,5,1,1
853_76,1,1,0,0,1,1,0,1,0,0,1,1,0,1,0,South,Retailer,Discount,29396,4,3020,5.28,10,0,1
854_89,0,1,0,0,0,0,0,0,1,0,1,1,1,0,0,Central,Wholesaler,scheme4,12356,72,4862,12.35,1,1,1
855_16,0,1,0,1,0,1,1,1,0,1,0,1,0,0,0,East,Wholesaler,scheme3,24933,9,1302,22.62,4,1,1
856_9,1,0,1,0,0,0,1,1,1,0,1,1,0,1,1,East,Retailer,scheme2,25372,7,2176,15.94,9,1,0
857_40,0,1,1,0,0,1,1,1,1,1,0,0,0,1,0,North,Retailer,scheme2,23053,6,4069,5.82,2,1,0
858_25,1,0,1,1,0,0,1,0,0,1,0,1,1,0,1,Central,Retailer,scheme1,10385,26,4794,-7.93,5,0,0
859_79,1,0,0,1,0,1,1,0,0,1,1,0,0,1,0,Central,Wholesaler,Bulk Purchase,17570,44,3112,25.7,2,1,1
860_10,1,0,1,1,1,0,1,1,1,0,1,0,0,1,1,Central,Wholesaler,scheme4,20162,84,1414,15.45,4,1,1
861_86,0,0,0,1,1,1,1,0,1,0,0,0,1,1,0,East,Retailer,scheme2,19581,10,1898,23.5,9,1,1
862_45,1,0,1,0,0,0,1,1,0,0,0,1,0,0,0,South,Wholesaler,scheme3,14033,22,3603,-0.18,8,1,0
863_22,0,1,0,1,1,0,0,1,0,0,1,1,0,1,1,South,Wholesaler,Discount,17987,13,3428,12.52,2,1,0
864_36,1,1,0,0,0,1,1,1,1,0,0,0,0,0,1,East,Retailer,Loyalty,22044,56,2554,5.09,6,1,0
865_93,1,0,1,0,1,1,0,0,1,1,0,0,1,1,1,North,Wholesaler,Bulk Purchase,25475,71,2638,17.18,1,0,0
866_72,0,1,0,1,1,1,1,1,1,0,1,1,0,0,1,West,Retailer,Bulk Purchase,29378,17,3635,6.43,7,1,0
867_17,1,1,1,1,0,0,0,1,0,0,0,1,1,1,0,South,Wholesaler,Discount,13363,82,3801,23.01,5,0,0
868_69,1,1,1,0,1,0,0,0,0,0,1,1,1,1,1,South,Wholesaler,Loyalty,17727,85,1531,17.81,4,1,1
869_8,1,1,1,0,0,0,0,1,1,1,1,0,0,1,0,Central,Retailer,scheme1,12630,66,4943,12.66,8,0,0
870_51,0,1,0,0,0,1,1,1,1,0,0,0,1,1,0,West,Wholesaler,scheme3,18716,15,3994,-0.18,4,1,1
871_49,0,0,1,1,0,1,1,0,1,0,0,1,1,0,0,East,Retailer,scheme2,22124,14,4939,23.4,3,1,0
872_33,0,0,0,0,1,1,0,1,1,0,1,0,1,0,0,North,Wholesaler,scheme1,14363,99,2738,15.9,6,0,1
873_49,0,1,1,1,0,0,0,1,1,0,1,0,1,0,0,Central,Wholesaler,scheme4,18906,67,2916,11.55,5,1,1
874_84,1,0,1,0,0,0,0,1,1,0,0,0,1,0,0,South,Retailer,Bulk Purchase,18506,67,3945,-9.55,9,1,1
875_24,0,0,1,1,0,0,1,1,0,1,0,0,0,1,0,Central,Retailer,scheme4,16189,79,2562,9.6,5,1,0
876_77,1,0,0,0,1,0,0,0,0,1,1,1,0,1,1,East,Wholesaler,Discount,22474,18,2300,-2.7,5,1,0
877_64,1,0,0,1,0,1,0,0,1,0,0,0,1,1,1,East,Wholesaler,Discount,26698,100,4325,22.69,10,1,0
878_51,1,1,1,1,0,1,0,1,0,1,1,0,1,0,1,North,Retailer,Loyalty,20996,76,1525,-1.4,9,1,1
879_42,0,1,0,0,0,0,0,0,0,0,0,0,0,1,1,South,Retailer,Bulk Purchase,28690,10,3136,8.93,9,0,0
880_62,0,1,0,0,1,0,1,1,1,1,0,0,0,1,0,West,Retailer,scheme2,20870,16,1331,14.79,9,0,1
881_44,0,0,1,0,0,0,0,1,1,1,0,1,1,0,1,East,Wholesaler,scheme4,20092,83,3207,8.15,2,1,0
882_32,0,1,0,0,0,0,1,0,0,1,0,0,1,1,1,Central,Retailer,Loyalty,25299,19,2075,25.23,4,1,0
883_16,1,0,1,1,0,0,1,1,1,0,0,1,1,1,0,East,Retailer,scheme1,15952,97,3274,8.39,1,0,0
884_69,0,0,0,1,1,0,0,1,1,1,1,1,0,1,0,North,Retailer,scheme4,11388,47,2272,3.18,6,0,0
885_63,1,1,1,0,1,0,0,1,1,0,1,1,0,0,1,Central,Wholesaler,Bulk Purchase,22271,71,4540,29.73,4,0,0
886_97,0,0,1,1,1,1,0,1,0,1,0,1,0,1,1,North,Wholesaler,Loyalty,16461,1,4775,16.24,2,1,0
887_45,0,0,1,1,0,1,0,0,1,0,1,1,1,0,1,West,Wholesaler,scheme1,13403,71,3450,11.41,5,1,0
888_80,1,0,0,1,1,1,1,0,1,0,1,0,0,1,1,Central,Retailer,scheme4,17178,10,4666,4.75,10,0,1
889_52,0,0,1,1,0,0,1,1,1,1,1,1,0,0,0,East,Wholesaler,scheme1,18630,85,4982,7.68,8,1,0
890_76,1,1,1,0,1,0,0,1,1,0,0,1,1,1,1,Central,Wholesaler,Bulk Purchase,24092,50,4177,3.98,3,0,1
891_18,0,1,0,0,0,0,1,1,0,0,1,0,0,0,0,Central,Retailer,Bulk Purchase,17619,31,1899,-1.76,3,1,0
892_44,0,0,0,0,1,0,1,1,0,0,0,1,1,0,0,West,Wholesaler,scheme4,20246,78,2445,9.03,2,1,1
893_77,1,0,0,1,0,1,1,0,1,1,1,0,1,0,1,Central,Wholesaler,scheme3,22261,7,4037,15.47,7,0,1
894_76,1,1,0,0,0,0,0,1,1,1,1,1,1,1,0,Central,Wholesaler,Discount,13357,12,4516,-5.03,5,1,0
895_46,1,1,1,1,0,1,1,1,1,0,0,1,1,1,0,South,Retailer,scheme4,18663,87,1477,-0.73,5,1,1
896_19,0,1,0,1,1,0,1,0,1,1,0,1,1,1,1,Central,Retailer,scheme3,18178,70,1129,10.69,3,0,1
897_64,1,0,1,0,0,1,0,0,1,1,1,0,0,1,0,East,Wholesaler,scheme2,13729,64,1884,-2.51,8,0,1
898_84,0,0,1,1,0,1,1,1,1,0,1,1,0,0,0,East,Wholesaler,scheme4,22164,39,1986,11.67,2,0,0
899_70,0,1,1,0,0,1,0,1,0,1,0,0,1,1,1,South,Retailer,scheme4,12514,47,4914,19.61,0,1,1
900_88,0,0,0,1,0,0,0,0,0,1,0,0,1,1,1,South,Retailer,scheme4,24271,99,1143,23.03,9,0,0
901_80,1,0,0,1,1,0,1,0,0,0,1,1,0,0,1,South,Wholesaler,scheme3,15903,16,2360,-9.43,6,1,1
902_34,0,0,1,1,1,0,0,1,1,1,1,1,1,1,1,North,Retailer,scheme2,19823,1,2626,0.69,4,0,0
903_57,1,0,1,0,1,1,0,1,0,1,1,1,1,0,0,North,Retailer,scheme3,27320,59,2705,4.38,5,0,0
904_51,0,0,1,0,1,0,0,0,0,0,0,0,1,1,1,East,Wholesaler,scheme1,17221,2,2434,7.75,3,1,1
905_15,1,0,1,0,0,0,0,0,0,1,1,0,1,0,0,East,Wholesaler,scheme1,27179,89,2260,10.47,7,1,1
906_53,1,0,1,1,0,1,1,0,1,1,0,0,1,0,1,Central,Retailer,Discount,13609,69,4138,4.59,6,0,1
907_81,1,0,0,1,1,1,1,0,0,0,0,1,0,1,1,Central,Wholesaler,scheme3,12428,36,2121,26.13,8,1,1
908_31,1,1,0,0,1,0,0,0,0,0,1,0,0,0,0,Central,Retailer,Discount,21800,52,1449,9.14,10,0,0
909_20,1,0,0,0,0,1,0,0,1,1,0,1,1,0,0,North,Retailer,Discount,17274,90,3259,12.54,6,1,1
910_88,1,0,1,1,1,1,1,1,1,0,1,1,0,0,1,West,Retailer,scheme3,16473,65,2935,17.66,6,0,0
911_30,0,1,1,0,1,1,0,0,0,1,0,0,0,0,1,Central,Retailer,scheme3,19347,34,1774,-3.54,9,0,0
912_26,1,0,1,1,0,0,1,1,0,1,1,0,1,0,0,North,Wholesaler,Discount,17471,48,3456,27.58,6,0,1
913_86,0,0,1,1,1,0,0,1,1,0,1,1,1,1,1,West,Retailer,scheme4,17364,69,4824,20.59,3,0,0
914_66,1,1,1,0,0,0,0,1,1,0,0,0,1,0,0,East,Wholesaler,Bulk Purchase,16381,69,4478,-5.8,6,0,0
915_79,1,0,1,0,0,1,1,1,1,1,1,0,1,0,1,South,Wholesaler,Discount,26895,28,3596,25.71,6,0,1
916_19,0,1,0,0,0,1,0,0,0,1,1,0,0,0,0,West,Wholesaler,scheme3,29134,73,2675,-4.42,6,0,0
917_54,0,1,0,1,0,0,1,1,0,0,1,0,0,0,1,Central,Wholesaler,scheme3,11510,43,2798,16.49,1,1,0
918_16,0,1,1,1,1,1,1,1,1,0,0,1,0,1,0,West,Retailer,scheme3,29927,50,2464,-6.05,7,1,1
919_14,0,1,1,0,0,0,0,0,0,0,0,0,1,0,0,South,Wholesaler,scheme4,10517,94,1608,9.45,0,0,0
920_53,1,1,1,0,0,1,0,0,1,1,1,0,0,1,0,East,Wholesaler,scheme1,20191,6,3400,-4.14,7,1,1
921_46,1,1,1,1,0,1,1,1,1,1,0,0,0,1,1,East,Wholesaler,Loyalty,28390,29,2251,22.39,2,1,0
922_42,1,1,0,1,1,1,0,0,0,1,0,0,0,1,0,South,Wholesaler,Discount,26288,50,3041,4.0,8,1,1
923_64,1,0,0,0,1,1,0,1,1,1,1,1,1,0,1,Central,Retailer,scheme4,29231,33,4394,-1.75,2,0,1
924_55,1,0,0,1,0,0,1,0,0,0,0,1,1,0,0,North,Wholesaler,scheme2,27195,57,1300,-5.28,1,1,1
925_66,1,1,0,1,1,0,0,0,0,1,1,0,1,1,0,South,Retailer,scheme4,23932,79,4657,11.38,7,0,0
926_4,0,0,0,1,0,0,0,0,0,1,1,1,0,1,1,North,Retailer,scheme3,26748,18,3849,16.2,3,0,1
927_40,1,1,1,1,1,1,1,1,1,1,1,0,0,1,0,South,Retailer,scheme4,28839,59,2378,25.41,6,1,0
928_40,1,0,0,1,1,1,0,1,1,1,1,0,1,1,0,Central,Wholesaler,scheme2,11447,91,3652,1.85,1,1,0
929_82,0,1,0,1,1,1,1,0,0,1,0,0,1,1,1,South,Retailer,Loyalty,14276,53,4615,9.92,3,0,0
930_23,0,1,0,1,1,0,0,1,0,1,0,1,1,1,1,West,Retailer,scheme2,24136,10,4130,4.34,9,1,1
931_11,1,0,0,0,0,1,1,1,0,0,0,0,1,1,0,South,Retailer,scheme4,19352,4,3456,29.33,5,1,0
932_88,0,1,0,0,0,0,1,0,1,0,1,1,1,0,0,West,Wholesaler,scheme2,29174,69,1308,-8.92,9,0,0
933_11,0,0,0,1,1,1,1,1,0,0,1,1,1,0,0,North,Retailer,scheme4,18253,96,2188,15.81,2,0,0
934_71,1,1,0,1,1,0,1,0,1,1,0,1,1,1,0,West,Wholesaler,scheme1,20589,38,3329,-8.06,6,0,0
935_17,1,0,1,1,1,0,1,0,0,0,1,0,1,0,0,West,Wholesaler,Discount,29063,27,3365,14.38,4,1,0
936_85,0,0,1,0,1,1,1,0,1,1,0,1,0,0,1,North,Retailer,scheme1,14325,74,4579,11.72,3,1,1
937_74,1,1,0,1,1,0,0,0,1,1,0,1,1,0,0,Central,Wholesaler,scheme1,20876,20,4754,-8.06,1,1,0
938_29,1,0,0,0,0,0,0,0,0,0,1,0,0,1,1,Central,Retailer,Bulk Purchase,25192,66,3056,23.99,6,0,0
939_84,0,1,0,0,1,1,1,0,1,0,1,0,1,0,1,West,Wholesaler,scheme1,10135,75,4516,3.64,6,1,0
940_96,1,1,1,0,1,0,0,0,1,1,0,1,1,0,1,North,Retailer,scheme4,15957,38,3891,2.18,5,1,0
941_56,1,0,1,0,0,0,1,1,0,0,1,1,0,1,1,West,Retailer,Loyalty,12552,7,3349,26.5,5,0,0
942_62,0,0,1,0,1,1,0,0,1,0,1,1,0,0,1,North,Retailer,Discount,15592,19,1242,6.26,10,1,1
943_28,0,0,0,0,0,0,1,0,0,0,0,0,1,1,0,West,Retailer,scheme4,28312,24,2024,-4.95,1,1,1
944_72,1,0,1,0,1,0,1,1,0,1,0,0,1,1,1,West,Retailer,scheme4,21436,25,1655,13.2,0,1,1
945_60,0,0,1,1,1,1,0,0,0,1,1,0,0,1,1,West,Retailer,scheme3,22596,17,1195,-1.99,1,0,1
946_36,0,1,0,1,1,1,0,1,1,0,0,1,0,0,0,East,Retailer,Bulk Purchase,13980,73,4654,-1.56,7,1,1
947_57,1,1,0,1,0,1,1,0,0,0,1,1,0,0,1,West,Retailer,scheme4,20771,69,3224,20.09,7,1,0
948_33,1,0,0,1,0,1,0,0,1,0,1,1,0,0,1,North,Retailer,scheme2,26644,3,4901,27.96,3,1,0
949_66,1,0,1,1,1,1,1,1,0,1,0,0,1,0,1,North,Retailer,scheme4,27413,87,1296,11.35,6,1,0
950_79,1,0,1,1,1,1,0,1,1,1,1,1,1,1,0,East,Retailer,Loyalty,20515,8,4908,8.34,2,0,0
951_66,0,0,1,0,0,0,0,0,1,0,0,1,0,0,0,Central,Wholesaler,scheme4,15848,9,4923,-6.15,7,1,0
952_77,0,1,1,0,1,1,0,0,1,0,1,1,1,0,1,Central,Retailer,scheme1,10668,4,2498,23.53,4,0,1
953_11,1,0,1,1,0,1,0,1,1,0,0,1,0,0,0,East,Retailer,scheme4,20474,62,3546,1.31,2,1,0
954_22,0,1,1,0,1,0,0,0,0,0,1,0,0,0,1,East,Wholesaler,Loyalty,26575,98,4953,-5.28,7,1,0
955_71,1,1,0,1,1,0,1,1,1,0,1,0,0,0,0,West,Wholesaler,scheme2,19111,100,1194,3.33,8,0,1
956_36,1,1,1,0,0,1,1,0,0,0,1,1,1,1,1,East,Retailer,scheme1,21749,15,1467,14.68,0,1,1
957_86,0,0,1,1,0,0,1,0,1,0,1,1,0,1,0,West,Retailer,scheme3,20804,99,1605,4.62,4,0,0
958_42,1,0,0,1,0,1,1,0,0,0,0,1,1,1,1,West,Retailer,scheme2,27039,65,4073,29.7,5,1,0
959_27,0,0,0,1,1,1,1,1,1,1,1,0,1,1,1,West,Retailer,scheme1,11892,70,4244,20.85,3,1,1
960_14,1,1,1,1,1,1,1,1,0,0,0,1,0,1,0,South,Retailer,Discount,10073,36,4087,-6.82,6,0,0
961_97,0,0,0,1,0,0,1,0,0,1,0,1,1,0,1,West,Wholesaler,scheme4,16889,50,2610,25.54,6,1,0
962_61,0,1,0,0,1,1,0,0,0,1,1,1,1,0,0,South,Retailer,Bulk Purchase,14231,48,2326,-2.27,5,0,0
963_17,0,0,0,0,0,0,1,0,0,0,0,1,1,0,1,South,Wholesaler,scheme2,12053,64,2356,-5.81,10,0,1
964_41,0,0,0,0,1,0,0,0,0,1,1,1,0,1,0,Central,Wholesaler,scheme1,11169,68,4396,16.88,6,0,1
965_15,1,0,0,0,1,0,0,0,1,0,0,1,1,0,1,Central,Retailer,Loyalty,14832,41,4034,17.99,4,0,0
966_60,0,0,1,0,0,0,1,0,0,0,0,0,0,1,0,East,Retailer,scheme1,21647,47,2299,29.18,4,1,1
967_92,0,1,0,0,1,1,0,1,1,0,1,0,1,1,1,North,Retailer,scheme3,21831,21,2599,20.89,10,0,1
968_22,1,0,1,0,1,0,0,0,0,1,1,1,0,1,1,South,Wholesaler,scheme2,25610,14,3060,24.46,7,1,0
969_45,0,0,1,0,1,1,1,1,1,0,1,1,0,1,0,South,Wholesaler,scheme2,15751,6,3591,27.42,10,0,0
970_84,0,1,1,0,0,0,0,1,0,1,0,1,1,0,0,East,Retailer,scheme2,12469,90,2807,23.17,0,0,1
971_63,0,1,1,0,1,0,0,0,0,0,1,0,1,1,1,West,Retailer,scheme3,18698,13,2925,13.95,5,0,1
972_67,1,1,1,1,1,0,0,0,1,0,0,1,1,0,1,South,Retailer,Bulk Purchase,15142,64,3842,10.39,2,0,0
973_13,1,0,0,1,1,0,1,1,1,0,1,0,0,0,0,East,Wholesaler,scheme4,29412,47,3530,11.99,0,1,0
974_47,1,0,1,0,1,0,0,0,1,1,0,0,0,0,0,South,Retailer,Loyalty,20849,45,3225,-7.67,9,0,1
975_51,0,0,1,0,1,0,0,1,0,1,1,1,0,0,0,North,Retailer,scheme3,18928,95,1486,8.64,6,0,0
976_45,0,0,1,1,1,1,0,1,1,0,1,1,1,0,0,South,Wholesaler,scheme3,29787,33,1826,7.75,2,1,1
977_7,1,1,1,1,0,1,1,0,0,1,0,1,1,1,1,North,Wholesaler,Discount,13676,56,1944,-7.18,10,0,1
978_65,1,0,1,1,1,1,1,1,0,0,0,1,1,0,0,East,Wholesaler,scheme4,22827,42,4568,22.12,7,0,1
979_83,0,1,0,1,1,0,1,1,1,0,0,0,0,1,1,South,Wholesaler,Bulk Purchase,14629,6,2451,14.24,10,0,1
980_52,0,0,1,0,1,1,0,1,0,1,0,0,0,0,1,North,Wholesaler,scheme2,10675,75,2451,23.36,2,0,0
981_59,0,0,0,0,0,1,1,1,1,1,0,0,0,1,0,North,Retailer,scheme3,21466,90,1772,15.05,10,1,0
982_81,0,0,1,1,0,0,0,1,0,1,0,1,0,1,1,West,Wholesaler,Discount,16401,5,2420,23.01,2,1,0
983_38,0,1,0,0,1,1,1,0,1,1,1,1,1,1,1,East,Retailer,scheme1,20295,63,2902,11.34,4,0,1
984_59,1,0,0,1,0,1,1,0,0,1,1,0,0,0,0,North,Wholesaler,Bulk Purchase,18452,1,3955,26.77,10,1,1
985_59,0,0,0,0,0,1,0,0,0,0,1,0,1,0,1,South,Wholesaler,scheme2,18682,9,3816,5.94,6,0,1
986_5,1,1,0,0,0,1,1,1,0,1,1,1,1,1,1,North,Retailer,scheme2,21906,96,3056,24.1,1,1,1
987_6,1,0,1,0,0,1,0,1,1,1,0,0,0,1,1,East,Wholesaler,scheme4,17076,78,4970,17.56,2,1,0
988_68,1,0,0,1,0,1,1,0,1,1,0,0,0,1,1,West,Retailer,scheme2,29432,82,3843,19.7,2,0,0
989_32,1,0,0,0,1,1,0,0,1,1,0,1,1,0,0,South,Retailer,scheme2,13635,34,3228,-8.32,10,1,1
990_81,1,1,1,1,1,0,1,0,0,0,1,1,1,0,0,Central,Retailer,Loyalty,17789,87,2259,-8.91,9,1,0
991_88,1,1,1,1,0,0,1,1,1,1,1,1,1,0,0,South,Retailer,scheme4,29431,29,2751,-1.85,9,1,1
992_98,0,0,1,0,1,0,0,1,1,1,0,0,0,0,1,West,Wholesaler,scheme4,14406,88,2602,22.23,2,0,1
993_10,0,1,0,0,0,0,0,1,0,1,0,1,0,0,0,Central,Retailer,Loyalty,22150,80,2805,23.93,6,0,1
994_65,1,0,1,1,1,1,1,0,1,0,0,1,1,0,0,Central,Retailer,scheme4,11715,63,4688,24.45,3,1,1
995_48,1,1,0,1,0,1,0,0,0,1,1,1,0,1,1,West,Retailer,scheme1,27162,78,1953,1.96,1,1,1
996_99,0,1,0,1,0,1,0,1,0,0,1,1,1,0,0,Central,Retailer,scheme2,29087,73,1229,1.07,4,0,0
997_83,0,0,0,1,0,0,0,1,1,1,0,0,1,1,0,West,Retailer,Discount,20186,53,1272,-4.09,5,1,0
998_1,1,1,1,1,0,0,1,1,1,1,0,1,1,0,0,West,Wholesaler,Bulk Purchase,16004,2,3780,8.17,5,1,0
999_85,1,1,0,1,1,1,0,1,0,1,1,1,1,1,0,Central,Retailer,scheme3,13044,85,4097,4.17,5,1,0
1000_24,0,1,1,1,0,1,1,0,0,0,1,0,1,0,0,Central,Wholesaler,scheme2,23426,1,1487,1.72,7,0,0
